DROP DATABASE IF EXISTS `unbxd-orig`;
CREATE DATABASE `unbxd-orig`;
USE `unbxd-orig`;

CREATE TABLE `user` (
    user_id     INT UNSIGNED AUTO_INCREMENT PRIMARY KEY,
    username    VARCHAR(100) NOT NULL UNIQUE,
    first_name  VARCHAR(100) NOT NULL,
    last_name   VARCHAR(100) NOT NULL,
    phone       VARCHAR(20),
    bio         VARCHAR(255),
    city        VARCHAR(100),
    state       VARCHAR(100),
    role        VARCHAR(50) NOT NULL DEFAULT 'user',
    gender      VARCHAR(20),
    dob         DATE,
    created_at  DATETIME NOT NULL DEFAULT CURRENT_TIMESTAMP,
    photo_link  TINYTEXT
);

CREATE TABLE user_email (
    email_id    INT UNSIGNED AUTO_INCREMENT PRIMARY KEY,
    email       VARCHAR(255) NOT NULL UNIQUE,
    is_primary  TINYINT(1) NOT NULL DEFAULT 0,
    user_id     INT UNSIGNED NOT NULL,
    CONSTRAINT fk_email_user FOREIGN KEY (user_id) REFERENCES `user`(user_id) ON DELETE CASCADE
);

CREATE TABLE artist (
    artist_id   INT UNSIGNED AUTO_INCREMENT PRIMARY KEY,
    is_verified TINYINT(1) NOT NULL DEFAULT 0,
    CONSTRAINT fk_artist_user FOREIGN KEY (artist_id) REFERENCES `user`(user_id) ON DELETE CASCADE
);

CREATE TABLE admin (
    admin_id INT UNSIGNED AUTO_INCREMENT PRIMARY KEY,
    first_name VARCHAR(50) NOT NULL,
    last_name VARCHAR(50) NOT NULL,
    role VARCHAR(50) NOT NULL
);

CREATE TABLE admin_email (
    email_id    INT UNSIGNED AUTO_INCREMENT PRIMARY KEY,
    email       VARCHAR(255) NOT NULL UNIQUE,
    is_primary  TINYINT(1) NOT NULL DEFAULT 0,
    admin_id     INT UNSIGNED NOT NULL,
    CONSTRAINT fk_email_admin FOREIGN KEY (admin_id) REFERENCES admin(admin_id) ON DELETE CASCADE
);

CREATE TABLE artist_status (
    status_id INT UNSIGNED AUTO_INCREMENT PRIMARY KEY,
    status enum('under review', 'verified', 'banned', 'resolved') NOT NULL,
    created_at DATETIME NOT NULL DEFAULT CURRENT_TIMESTAMP,
    artist_id INT UNSIGNED NOT NULL,
    reviewer_id INT UNSIGNED NOT NULL,
    CONSTRAINT fk_artist_status_reviewer FOREIGN KEY (reviewer_id) REFERENCES admin(admin_id) ON DELETE RESTRICT,
    CONSTRAINT fk_artist_status_artist FOREIGN KEY (artist_id) REFERENCES artist(artist_id)
);

CREATE TABLE category (
    category_id INT UNSIGNED AUTO_INCREMENT PRIMARY KEY,
    name        VARCHAR(50) NOT NULL UNIQUE
);

CREATE TABLE item (
    item_id     INT UNSIGNED AUTO_INCREMENT PRIMARY KEY,
    name        VARCHAR(255) NOT NULL,
    description VARCHAR(255),
    size        VARCHAR(50),
    image_link  VARCHAR(255),
    artist_id     INT UNSIGNED NOT NULL,
    category_id INT UNSIGNED,
    CONSTRAINT fk_item_user FOREIGN KEY (artist_id) REFERENCES artist(artist_id) ON DELETE CASCADE,
    CONSTRAINT fk_item_category FOREIGN KEY (category_id) REFERENCES category(category_id) ON DELETE SET NULL
);

CREATE TABLE variants (
    item_id     INT UNSIGNED NOT NULL,
    name        VARCHAR(75) NOT NULL,
    pull_rate   FLOAT(3,2) NOT NULL,
    PRIMARY KEY (item_id, name),
    CONSTRAINT fk_variant_item FOREIGN KEY (item_id) REFERENCES item(item_id) ON DELETE CASCADE
);

CREATE TABLE listing (
    listing_id  INT UNSIGNED AUTO_INCREMENT PRIMARY KEY,
    title       VARCHAR(50) NOT NULL,
    quantity    INT NOT NULL DEFAULT 0,
    price       DECIMAL(6, 2) NOT NULL,
    status ENUM('pending', 'active', 'archive', 'approved', 'rejected', 'flagged') NOT NULL,
    listing_type    VARCHAR(255),
    post_time   DATETIME NOT NULL DEFAULT CURRENT_TIMESTAMP,
    item_id     INT UNSIGNED NOT NULL,
    artist_id   INT UNSIGNED NOT NULL,
    CONSTRAINT fk_listing_seller FOREIGN KEY (artist_id) REFERENCES artist(artist_id) ON DELETE CASCADE,
    CONSTRAINT fk_listing_item FOREIGN KEY (item_id) REFERENCES item(item_id) ON DELETE CASCADE
);

CREATE TABLE `order` (
    order_id    INT UNSIGNED AUTO_INCREMENT PRIMARY KEY,
    order_time  DATETIME NOT NULL DEFAULT CURRENT_TIMESTAMP,
    status ENUM('in cart', 'purchased', 'processing', 'shipped') NOT NULL,
    buyer_id    INT UNSIGNED NOT NULL,
    order_total FLOAT (6,2) NOT NULL,
    CONSTRAINT fk_order_user FOREIGN KEY (buyer_id) REFERENCES `user`(user_id) ON DELETE RESTRICT
);

CREATE TABLE order_items (
    order_item_id       INT UNSIGNED AUTO_INCREMENT PRIMARY KEY,
    quantity            INT NOT NULL,
    price_at_purchase   FLOAT(6, 2) NOT NULL,
    order_id            INT UNSIGNED NOT NULL,
    listing_id          INT UNSIGNED NOT NULL,
    CONSTRAINT fk_orderitems_order FOREIGN KEY (order_id) REFERENCES `order`(order_id) ON DELETE CASCADE,
    CONSTRAINT fk_orderitems_listing FOREIGN KEY (listing_id) REFERENCES listing(listing_id) ON DELETE CASCADE
);

CREATE TABLE likes (
    user_id     INT UNSIGNED NOT NULL,
    listing_id  INT UNSIGNED NOT NULL,
    liked_at    DATETIME NOT NULL DEFAULT CURRENT_TIMESTAMP,
    PRIMARY KEY (user_id, listing_id),
    CONSTRAINT fk_likes_user    FOREIGN KEY (user_id)    REFERENCES `user`(user_id)       ON DELETE CASCADE,
    CONSTRAINT fk_likes_listing FOREIGN KEY (listing_id) REFERENCES listing(listing_id)   ON DELETE CASCADE
);

CREATE TABLE artist_application (
    application_id  INT UNSIGNED AUTO_INCREMENT PRIMARY KEY,
    status ENUM('pending', 'approved', 'rejected') NOT NULL,
    portfolio_link  VARCHAR(255) NOT NULL,
    submitted_at    DATETIME NOT NULL DEFAULT CURRENT_TIMESTAMP,
    reviewed_at DATETIME,
    artist_id INT UNSIGNED NOT NULL,
    reviewer_id INT UNSIGNED,
    CONSTRAINT fk_application_artist FOREIGN KEY (artist_id) REFERENCES artist(artist_id) ON DELETE CASCADE,
    CONSTRAINT fk_application_reviewer FOREIGN KEY (reviewer_id) REFERENCES admin(admin_id) ON DELETE RESTRICT
);

CREATE TABLE user_activity (
    activity_id     INT UNSIGNED AUTO_INCREMENT PRIMARY KEY,
    activity_type   ENUM('view', 'search', 'like', 'purchase') NOT NULL,
    search_term     VARCHAR(255) DEFAULT NULL,
    created_at      DATETIME NOT NULL DEFAULT CURRENT_TIMESTAMP,
    user_id         INT UNSIGNED NOT NULL,
    listing_id      INT UNSIGNED DEFAULT NULL,
    CONSTRAINT fk_activity_user    FOREIGN KEY (user_id)    REFERENCES `user`(user_id)       ON DELETE CASCADE,
    CONSTRAINT fk_activity_listing FOREIGN KEY (listing_id) REFERENCES listing(listing_id)   ON DELETE SET NULL
);

CREATE TABLE listing_moderation (
    moderation_id   INT UNSIGNED AUTO_INCREMENT PRIMARY KEY,
    reason          VARCHAR(255),
    action          ENUM('approved', 'rejected', 'flagged') NOT NULL,
    reviewed_at     DATETIME NOT NULL DEFAULT CURRENT_TIMESTAMP,
    listing_id      INT UNSIGNED NOT NULL,
    reviewed_by     INT UNSIGNED NOT NULL,
    CONSTRAINT fk_moderation_listing    FOREIGN KEY (listing_id)    REFERENCES listing(listing_id)  ON DELETE CASCADE,
    CONSTRAINT fk_moderation_reviewer   FOREIGN KEY (reviewed_by)   REFERENCES `admin`(admin_id)      ON DELETE RESTRICT
);

CREATE TABLE fraud_report (
    report_id   INT UNSIGNED AUTO_INCREMENT PRIMARY KEY,
    reason      TEXT NOT NULL,
    status      ENUM('open', 'investigating', 'resolved', 'dismissed') NOT NULL,
    created_at  DATETIME NOT NULL DEFAULT CURRENT_TIMESTAMP,
    resolved_at DATETIME DEFAULT NULL,
    order_id    INT UNSIGNED NOT NULL,
    reviewer_id  INT UNSIGNED NOT NULL,
    CONSTRAINT fk_afraud_order FOREIGN KEY (order_id) REFERENCES `order`(order_id) ON DELETE RESTRICT,
    CONSTRAINT fk_fraud_reviewer FOREIGN KEY (reviewer_id) REFERENCES admin(admin_id) ON DELETE RESTRICT
);

CREATE TABLE user_session (
    session_id      INT UNSIGNED AUTO_INCREMENT PRIMARY KEY,
    pages_viewed    INT UNSIGNED NOT NULL DEFAULT 0,
    login_time      DATETIME NOT NULL DEFAULT CURRENT_TIMESTAMP,
    logout_time     DATETIME DEFAULT NULL,
    user_id         INT UNSIGNED NOT NULL,
    CONSTRAINT fk_session_user FOREIGN KEY (user_id) REFERENCES `user`(user_id) ON DELETE CASCADE
);

CREATE TABLE system_metric (
    metric_id       INT UNSIGNED AUTO_INCREMENT PRIMARY KEY,
    metric_type     VARCHAR(50) NOT NULL,
    value           DECIMAL(10, 2) NOT NULL,
    recorded_at     DATETIME NOT NULL DEFAULT CURRENT_TIMESTAMP
);

CREATE TABLE system_alert (
    alert_id        INT UNSIGNED AUTO_INCREMENT PRIMARY KEY,
    alert_type      VARCHAR(100) NOT NULL,
    severity        ENUM('low', 'medium', 'high', 'critical') NOT NULL,
    status          ENUM('open', 'investigating', 'resolved') NOT NULL DEFAULT 'open',
    message         VARCHAR (255),
    created_at      DATETIME NOT NULL DEFAULT CURRENT_TIMESTAMP,
    resolved_at     DATETIME DEFAULT NULL
);

CREATE TABLE platform_metrics (
    metric_id           INT UNSIGNED AUTO_INCREMENT PRIMARY KEY,
    active_users        INT UNSIGNED NOT NULL DEFAULT 0,
    churned_users       INT UNSIGNED NOT NULL DEFAULT 0,
    conversions         INT UNSIGNED NOT NULL DEFAULT 0,
    retained_users      INT UNSIGNED NOT NULL DEFAULT 0,
    user_rate           DECIMAL(5, 4) NOT NULL DEFAULT 0,
    conversion_rate     DECIMAL(5, 4) NOT NULL DEFAULT 0,
    retention_rate      DECIMAL(5, 4) NOT NULL DEFAULT 0,
    turnover_rate       DECIMAL(5, 4) NOT NULL DEFAULT 0,
    recorded_at         DATETIME NOT NULL DEFAULT CURRENT_TIMESTAMP
);

-- user_session
INSERT INTO user_session (session_id, pages_viewed, login_time, logout_time, user_id) 
VALUES
  ('01KP6KX8P8KGP4YF7MJT1MFSVD', 34, '2026-01-04 09:48:31', '2026-01-26 07:42:48', '01KP6CF1S9CGD50YNGTPZJEGS7'),
  ('01KP6KX8P9AD674HVJSEAZ3PMW', 87, '2025-11-03 10:08:22', '2025-11-16 20:10:46', '01KP6CF1SBB8JP1S3097XP6V7M'),
  ('01KP6KX8P9HV0PAM9CDB3QDE6W', 23, '2026-01-10 18:59:52', '2025-05-24 12:18:12', '01KP6CF1SCSA53HPB9M4Q2VBBS'),
  ('01KP6KX8PAWQTBBCD7BG4PDZQE', 70, '2026-01-26 01:42:44', '2026-03-16 10:19:26', '01KP6CF1SDKP5Z0FTHB7RMWCBX'),
  ('01KP6KX8PA4QAFV756WK4XNM9R', 39, '2025-08-27 00:14:39', '2025-08-30 00:44:46', '01KP6CF1SDY19ARQ6E9M79NGP7'),
  ('01KP6KX8PAMSP5FV3VG86G6MW6', 59, '2025-06-23 22:38:42', '2026-03-29 11:53:06', '01KP6CF1SE9G99C1TGFP35ESN8'),
  ('01KP6KX8PA58E00ZXJVSMBB2TA', 58, '2026-03-23 03:07:00', '2026-04-03 13:26:59', '01KP6CF1SF3RKTG3V41GV0A38J'),
  ('01KP6KX8PBJ9WV3GHBHH8X1MFC', 11, '2025-12-14 22:43:47', '2025-09-30 10:08:46', '01KP6CF1SFG2W8TWB7R2GJDQNK'),
  ('01KP6KX8PB0D7DCYFGH0Q5ZG24', 96, '2025-12-09 02:19:28', '2025-10-16 08:05:30', '01KP6CF1SGEK2ZGQ1GQRK95RCK'),
  ('01KP6KX8PBXZ066HW6GD0EJ36M', 62, '2025-06-10 17:25:06', '2026-03-02 17:47:33', '01KP6CF1SHZJS2G0CB14MEWAFY'),
  ('01KP6KX8PCYS3MZBD7X09DXZQV', 87, '2026-03-19 19:47:18', '2025-07-13 00:27:17', '01KP6CF1SHTAGMHQET7JFBH4KD'),
  ('01KP6KX8PC7ST56S2V41GHKZ0G', 54, '2025-08-26 23:42:27', '2025-07-06 21:47:42', '01KP6CF1SJA7Y5BA5NEXWWWRG5'),
  ('01KP6KX8PC3N3R76G1PWYR392S', 67, '2025-05-21 18:33:59', '2025-11-15 17:26:48', '01KP6CF1SKRZZWK6DH37EF1TBN'),
  ('01KP6KX8PCP1FWXKXV0WJB1GAA', 56, '2025-08-29 14:04:07', '2025-06-05 23:06:13', '01KP6CF1SMYG6ACYGK8Q2HAP96'),
  ('01KP6KX8PDZY3NF53CVHTEE53V', 47, '2025-10-10 08:55:09', '2025-05-20 10:13:04', '01KP6CF1SM2YHR0CV3YVY8QEPT'),
  ('01KP6KX8PD1CRN5QP7HS7DSRDP', 85, '2025-09-11 16:57:15', '2025-08-26 11:11:09', '01KP6CF1SN1SDSP5H8KC2S77Q2'),
  ('01KP6KX8PD09HA6GCKCEZC9A91', 41, '2026-04-06 16:42:36', '2026-02-13 11:07:07', '01KP6CF1SPEJYRBMS3BM4X7231'),
  ('01KP6KX8PDE5XZGWQG4BABYMQE', 62, '2025-09-11 21:16:37', '2025-10-31 22:25:04', '01KP6CF1SPY05FC3AKN0H0WNQ1'),
  ('01KP6KX8PE7HD5WQ8QZJ9Z04M9', 81, '2025-08-31 21:58:14', '2025-10-23 09:00:20', '01KP6CF1SQCS27KKDXC3HKF5YR'),
  ('01KP6KX8PEAGZ0Q3AVQBGYY1VT', 11, '2025-12-24 10:37:06', '2025-09-08 15:35:51', '01KP6CF1SRFCEQZQEC8AN5HHKZ'),
  ('01KP6KX8PE06HPDXT2T7061JEE', 55, '2025-04-24 23:54:40', '2025-09-11 02:08:03', '01KP6CF1SRW1SKKH9R6SBY5AK6'),
  ('01KP6KX8PFJ61XCESVN7JD7M7R', 7, '2025-12-17 11:42:13', '2025-12-06 00:54:11', '01KP6CF1SS7MY9RX82H2SBTVE2'),
  ('01KP6KX8PFC5W26CZ696624M7H', 58, '2025-04-28 01:24:06', '2025-08-08 23:45:52', '01KP6CF1STA5ESGSQ7XFCAV844'),
  ('01KP6KX8PFMWKC6FMBDC9TKGWA', 63, '2026-03-06 11:14:38', '2025-09-26 20:40:54', '01KP6CF1STC3KQ4Z5EHC016W70'),
  ('01KP6KX8PFMYK57E8AM0BAEGXG', 27, '2026-01-21 14:15:22', '2025-10-26 13:54:58', '01KP6CF1SV8QNE6TZCBC6ZXWCD'),
  ('01KP6KX8PGVHH5D53GVW6C7J2Z', 7, '2025-07-18 13:25:54', '2025-10-21 06:10:02', '01KP6CF1SWA66ZFKN2R3AEZD3Q'),
  ('01KP6KX8PGQQAGSBZ37X4SSYG6', 38, '2025-07-09 12:55:30', '2026-02-24 11:45:12', '01KP6CF1SXD4QG5Y79G9M3DEAM'),
  ('01KP6KX8PG31B3FE16KF25M41R', 45, '2026-01-15 13:16:30', '2025-05-10 14:42:16', '01KP6CF1SX08VA70P45BZ2H1F7'),
  ('01KP6KX8PHDQMJ1Z3C14FW6HTP', 78, '2025-05-25 18:40:02', '2025-08-28 00:27:14', '01KP6CF1SYZ0Z4SS0Z3PM0XSXS'),
  ('01KP6KX8PHT1J7F28KVPVF8MXN', 59, '2025-08-17 01:55:50', '2025-10-04 23:34:19', '01KP6CF1SZDV0EWRXAJA11S2GY'),
  ('01KP6KX8PHH6XXXJVB6PVD310R', 36, '2025-11-21 09:13:48', '2025-04-27 19:11:57', '01KP6CF1SZJAMWP0M1AJ0ZXH1N'),
  ('01KP6KX8PHZDW205VPCYD409B8', 80, '2025-06-13 12:53:30', '2025-10-01 13:17:42', '01KP6CF1T0R4PPJ3S0B29ZGZSV'),
  ('01KP6KX8PJKWB8934X6S1DFAEP', 54, '2025-12-21 07:45:24', '2026-01-27 03:32:26', '01KP6CF1T1RBRFT6T1E4FH0KKW'),
  ('01KP6KX8PJHJ04W2NGRSJGCE5F', 12, '2026-01-02 09:25:39', '2026-02-04 19:03:25', '01KP6CF1T2RY70YKR3692D3BFY'),
  ('01KP6KX8PJXHYFADE2KCEP5MQH', 92, '2025-06-16 20:30:19', '2025-07-31 11:48:51', '01KP6CF1T2YPC56MVKBV9YV13F');

-- user_activity
INSERT INTO user_activity (activity_id, activity_type, search_term, created_at, user_id, listing_id) 
VALUES
  ('01KP6KX15906JSFBK78JGT2ATN', 'purchase', 'small batch', '2025-05-30 20:22:43', '01KP6CF1S9CGD50YNGTPZJEGS7', '01KP6BZVGZKKN5M25QA4VX7VV5'),
  ('01KP6KX15AGC9H8KS96CE67DVB', 'purchase', 'series', '2026-03-28 12:35:13', '01KP6CF1SBB8JP1S3097XP6V7M', '01KP6BZVH8STAY7XXV1J8HYHG8'),
  ('01KP6KX15BEY592P15JT9EQ0VQ', 'view', NULL, '2025-07-08 14:17:04', '01KP6CF1SCSA53HPB9M4Q2VBBS', '01KP6BZVH8BT6Y7MT2HZ525ZJ3'),
  ('01KP6KX15B6ZBCSXSKX8QTNC6A', 'purchase', 'wood', '2025-07-16 09:18:29', '01KP6CF1SDKP5Z0FTHB7RMWCBX', '01KP6BZVH96EE20A7M92N0H31S'),
  ('01KP6KX15BEVP9WBCKAN66JR44', 'purchase', NULL, '2025-06-16 00:28:30', '01KP6CF1SDY19ARQ6E9M79NGP7', '01KP6BZVH9BFQRBXEEAQ1CB7FT'),
  ('01KP6KX15C2KVF54KYN9AR6XAZ', 'search', 'woman artist', '2025-08-27 18:43:33', '01KP6CF1SE9G99C1TGFP35ESN8', '01KP6BZVHASPZN3PPPSF5S965E'),
  ('01KP6KX15C4S6GH34PXKHD2WJH', 'view', 'fairytale', '2025-05-30 08:21:18', '01KP6CF1SF3RKTG3V41GV0A38J', '01KP6BZVHAEBYBZCCZDQSQ8GN1'),
  ('01KP6KX15CS5YSVXC9DENAR75P', 'view', 'sculpted', '2026-02-03 00:13:07', '01KP6CF1SFG2W8TWB7R2GJDQNK', '01KP6BZVHB9VC55WD04016DGS7'),
  ('01KP6KX15D354DY1SD84JA4T7Y', 'view', 'mythology', '2025-08-27 04:58:38', '01KP6CF1SGEK2ZGQ1GQRK95RCK', '01KP6BZVHBQ6QHM4TVV0CA32EB'),
  ('01KP6KX15DD464DK0R8VJ2DB59', 'search', 'witchy', '2025-07-09 22:12:40', '01KP6CF1SHZJS2G0CB14MEWAFY', NULL),
  ('01KP6KX15E6TP48M0AZPDQN3K1', 'like', 'wave 2', '2025-08-07 14:15:42', '01KP6CF1SHTAGMHQET7JFBH4KD', '01KP6BZVHCDGEWYWJHP8DV8KF6'),
  ('01KP6KX15EM5V5YY07J82PDZPX', 'like', 'Austin', '2025-09-27 06:38:44', '01KP6CF1SJA7Y5BA5NEXWWWRG5', '01KP6BZVHDKB7E6Y9D7TZKMMXD'),
  ('01KP6KX15EDVC1ZZGZR4FJVY6X', 'like', 'retro', '2025-04-22 02:26:45', '01KP6CF1SKRZZWK6DH37EF1TBN', '01KP6BZVHES76QMA99E1D4P2CF'),
  ('01KP6KX15F03VMQ5QKHJNPJ4DR', 'purchase', 'glazed', '2026-01-13 18:22:42', '01KP6CF1SMYG6ACYGK8Q2HAP96', '01KP6BZVHEQ0RX61RS0YAQ1WZZ'),
  ('01KP6KX15F0AW6V52DD0MJS44Z', 'purchase', 'strange', '2025-06-12 09:01:39', '01KP6CF1SM2YHR0CV3YVY8QEPT', '01KP6BZVHFD3SE85EQ8WX7KM2F'),
  ('01KP6KX15FNBEYT6BQM4MRPG4C', 'like', NULL, '2025-11-25 17:12:40', '01KP6CF1SN1SDSP5H8KC2S77Q2', '01KP6BZVHFA0H33CYJD9X6V5YP'),
  ('01KP6KX15GJHB9W97314TQJNBS', 'like', NULL, '2025-10-08 08:48:55', '01KP6CF1SPEJYRBMS3BM4X7231', '01KP6BZVHGRDNWNGXNMGJ7VDM8'),
  ('01KP6KX15G7R371QBCG47X8A83', 'like', 'tiny', '2025-12-28 10:37:26', '01KP6CF1SPY05FC3AKN0H0WNQ1', '01KP6BZVHG01CZ4ZQ9Q4XHQE96'),
  ('01KP6KX15GSKSQYJG40PG86E7T', 'like', 'limited edition', '2025-11-25 04:49:50', '01KP6CF1SQCS27KKDXC3HKF5YR', '01KP6BZVHHND4REYH1ZVHGRXN6'),
  ('01KP6KX15HVWBJSQ8TDYSWM7PA', 'view', 'tide pool', '2025-06-22 04:40:02', '01KP6CF1SRFCEQZQEC8AN5HHKZ', '01KP6BZVHH4VZNCTDT02GKERY0'),
  ('01KP6KX15H843SPY716QSFJKXS', 'view', 'mystery', '2025-06-10 11:55:51', '01KP6CF1SRW1SKKH9R6SBY5AK6', '01KP6BZVHJM29MDVSEXS31VGB4'),
  ('01KP6KX15HFQ31V865CR111P36', 'like', 'witchy', '2025-04-17 13:04:42', '01KP6CF1SS7MY9RX82H2SBTVE2', '01KP6BZVHJY8WTHJRQ93C6MC7M'),
  ('01KP6KX15JCZAF1MYY3M0F168X', 'like', 'paper', '2025-11-15 18:00:34', '01KP6CF1STA5ESGSQ7XFCAV844', '01KP6BZVHKPNDQKRTJD1AW0G7W'),
  ('01KP6KX15JZWX5KN28T3ZP0T4Q', 'view', 'punk', '2025-06-25 04:08:45', '01KP6CF1STC3KQ4Z5EHC016W70', '01KP6BZVHKYWEF7CM82ZDZS4TA'),
  ('01KP6KX15JS80KXB2DHQ02CRS6', 'search', 'tide pool', '2025-05-21 14:07:06', '01KP6CF1SV8QNE6TZCBC6ZXWCD', '01KP6BZVHMCXPV940F60EYSMQ3'),
  ('01KP6KX15K0A88S6A10Q4MAHBB', 'purchase', 'dreamlike', '2025-04-24 22:05:48', '01KP6CF1SWA66ZFKN2R3AEZD3Q', '01KP6BZVHM83BYKV71PVSVR4XJ'),
  ('01KP6KX15KGFQXW1HKC38BZC52', 'search', 'city', '2025-07-08 16:16:44', '01KP6CF1SXD4QG5Y79G9M3DEAM', '01KP6BZVHNYR2NV3X67QGG86QS'),
  ('01KP6KX15KDNT6QC7XH15TZJN0', 'like', 'skull', '2025-11-08 09:47:06', '01KP6CF1SX08VA70P45BZ2H1F7', '01KP6BZVHNDDMT27M4QWWP830N'),
  ('01KP6KX15MQ549B9NP29SEJH7N', 'view', 'industrial', '2025-10-22 16:03:57', '01KP6CF1SYZ0Z4SS0Z3PM0XSXS', '01KP6BZVHPJW3DPPJV756BF7CT'),
  ('01KP6KX15M82M26E4RTBK2C951', 'like', NULL, '2025-09-16 21:29:42', '01KP6CF1SZDV0EWRXAJA11S2GY', NULL),
  ('01KP6KX15MEY6H2CAA1GV0BTS8', 'like', 'local art', '2026-03-13 15:55:57', '01KP6CF1SZJAMWP0M1AJ0ZXH1N', '01KP6BZVHQ0CEQKKJRTNQEFCQW'),
  ('01KP6KX15N2DH9BZJ5Q9GFH9QG', 'like', 'witchy', '2025-06-07 17:15:23', '01KP6CF1T0R4PPJ3S0B29ZGZSV', '01KP6BZVHRDZY3CBVENH1DRX90'),
  ('01KP6KX15NCZP9CWTVTXEYFYC3', 'search', 'secondhand', '2026-02-14 08:17:31', '01KP6CF1T1RBRFT6T1E4FH0KKW', '01KP6BZVHRE0CK1Y3NWC4EM1EW'),
  ('01KP6KX15PQTB8RY9F8A8TG5C5', 'search', 'rare', '2025-07-22 06:53:52', '01KP6CF1T2RY70YKR3692D3BFY', '01KP6BZVHSNKQEZDN4XFRG2EW2'),
  ('01KP6KX15PQ2XJB7TR3SQ0EHGW', 'purchase', 'mythology', '2025-05-27 21:12:36', '01KP6CF1T2YPC56MVKBV9YV13F', '01KP6BZVHS2MKSMZ0T1REZPD3B');

-- likes
INSERT INTO likes (user_id, listing_id, liked_at) 
VALUES
  ('01KP6CF1S9CGD50YNGTPZJEGS7', '01KP6BZVGZKKN5M25QA4VX7VV5', '2025-10-28 01:11:54'),
  ('01KP6CF1SBB8JP1S3097XP6V7M', '01KP6BZVH8STAY7XXV1J8HYHG8', '2025-07-24 00:04:49'),
  ('01KP6CF1SCSA53HPB9M4Q2VBBS', '01KP6BZVH8BT6Y7MT2HZ525ZJ3', '2026-01-31 19:30:43'),
  ('01KP6CF1SDKP5Z0FTHB7RMWCBX', '01KP6BZVH96EE20A7M92N0H31S', '2026-01-21 21:26:43'),
  ('01KP6CF1SDY19ARQ6E9M79NGP7', '01KP6BZVH9BFQRBXEEAQ1CB7FT', '2025-09-05 01:08:54'),
  ('01KP6CF1SE9G99C1TGFP35ESN8', '01KP6BZVHASPZN3PPPSF5S965E', '2025-06-01 05:21:17'),
  ('01KP6CF1SF3RKTG3V41GV0A38J', '01KP6BZVHAEBYBZCCZDQSQ8GN1', '2026-02-22 17:44:57'),
  ('01KP6CF1SFG2W8TWB7R2GJDQNK', '01KP6BZVHB9VC55WD04016DGS7', '2026-02-07 04:52:18'),
  ('01KP6CF1SGEK2ZGQ1GQRK95RCK', '01KP6BZVHBQ6QHM4TVV0CA32EB', '2025-11-08 04:01:50'),
  ('01KP6CF1SHZJS2G0CB14MEWAFY', '01KP6BZVHC9RCN3GPA65X3P005', '2025-09-26 19:33:44'),
  ('01KP6CF1SHTAGMHQET7JFBH4KD', '01KP6BZVHCDGEWYWJHP8DV8KF6', '2025-09-15 05:35:08'),
  ('01KP6CF1SJA7Y5BA5NEXWWWRG5', '01KP6BZVHDKB7E6Y9D7TZKMMXD', '2025-12-23 12:54:48'),
  ('01KP6CF1SKRZZWK6DH37EF1TBN', '01KP6BZVHES76QMA99E1D4P2CF', '2025-10-10 22:23:12'),
  ('01KP6CF1SMYG6ACYGK8Q2HAP96', '01KP6BZVHEQ0RX61RS0YAQ1WZZ', '2026-01-27 11:50:59'),
  ('01KP6CF1SM2YHR0CV3YVY8QEPT', '01KP6BZVHFD3SE85EQ8WX7KM2F', '2025-09-06 20:01:40'),
  ('01KP6CF1SN1SDSP5H8KC2S77Q2', '01KP6BZVHFA0H33CYJD9X6V5YP', '2025-07-02 10:43:48'),
  ('01KP6CF1SPEJYRBMS3BM4X7231', '01KP6BZVHGRDNWNGXNMGJ7VDM8', '2025-06-05 22:05:18'),
  ('01KP6CF1SPY05FC3AKN0H0WNQ1', '01KP6BZVHG01CZ4ZQ9Q4XHQE96', '2025-04-30 01:57:49'),
  ('01KP6CF1SQCS27KKDXC3HKF5YR', '01KP6BZVHHND4REYH1ZVHGRXN6', '2025-06-23 12:39:13'),
  ('01KP6CF1SRFCEQZQEC8AN5HHKZ', '01KP6BZVHH4VZNCTDT02GKERY0', '2025-08-18 01:57:58'),
  ('01KP6CF1SRW1SKKH9R6SBY5AK6', '01KP6BZVHJM29MDVSEXS31VGB4', '2026-02-04 23:10:23'),
  ('01KP6CF1SS7MY9RX82H2SBTVE2', '01KP6BZVHJY8WTHJRQ93C6MC7M', '2026-03-16 23:25:37'),
  ('01KP6CF1STA5ESGSQ7XFCAV844', '01KP6BZVHKPNDQKRTJD1AW0G7W', '2025-07-19 04:54:10'),
  ('01KP6CF1STC3KQ4Z5EHC016W70', '01KP6BZVHKYWEF7CM82ZDZS4TA', '2025-08-28 14:55:15'),
  ('01KP6CF1SV8QNE6TZCBC6ZXWCD', '01KP6BZVHMCXPV940F60EYSMQ3', '2025-12-27 02:46:18'),
  ('01KP6CF1SWA66ZFKN2R3AEZD3Q', '01KP6BZVHM83BYKV71PVSVR4XJ', '2025-07-20 22:46:51'),
  ('01KP6CF1SXD4QG5Y79G9M3DEAM', '01KP6BZVHNYR2NV3X67QGG86QS', '2025-05-03 12:14:37'),
  ('01KP6CF1SX08VA70P45BZ2H1F7', '01KP6BZVHNDDMT27M4QWWP830N', '2025-09-12 12:29:29'),
  ('01KP6CF1SYZ0Z4SS0Z3PM0XSXS', '01KP6BZVHPJW3DPPJV756BF7CT', '2026-03-20 17:22:37'),
  ('01KP6CF1SZDV0EWRXAJA11S2GY', '01KP6BZVHQMFH9CANF3YMQ1GKT', '2025-12-30 06:38:47'),
  ('01KP6CF1SZJAMWP0M1AJ0ZXH1N', '01KP6BZVHQ0CEQKKJRTNQEFCQW', '2026-01-02 13:16:53'),
  ('01KP6CF1T0R4PPJ3S0B29ZGZSV', '01KP6BZVHRDZY3CBVENH1DRX90', '2025-10-21 21:57:46'),
  ('01KP6CF1T1RBRFT6T1E4FH0KKW', '01KP6BZVHRE0CK1Y3NWC4EM1EW', '2025-08-21 05:00:43'),
  ('01KP6CF1T2RY70YKR3692D3BFY', '01KP6BZVHSNKQEZDN4XFRG2EW2', '2025-06-12 05:11:08'),
  ('01KP6CF1T2YPC56MVKBV9YV13F', '01KP6BZVHS2MKSMZ0T1REZPD3B', '2025-05-07 17:57:04'),
  ('01KP6CF1T3ZHPZ217NGH9RKH6Z', '01KP6BZVHT9NV7JE9FQEEC3DWN', '2026-01-06 15:52:46'),
  ('01KP6CF1T492DEYQXMJ3JMPHQR', '01KP6BZVHT3M97XEDER9T3TV04', '2026-02-20 15:32:38'),
  ('01KP6CF1T48MTDJ6M3VYPTG57Z', '01KP6BZVHVF8M2Z30QVN0TRYHZ', '2025-10-24 01:58:42'),
  ('01KP6CF1T55VHD6WCGQQ5NVHQE', '01KP6BZVHVPSED5Q2ZC99FPETV', '2026-04-03 03:12:38'),
  ('01KP6CF1T6HZ0V5HXEAHN56NVS', '01KP6BZVHW3J8296HXDQZAFKZC', '2025-12-12 00:22:17'),
  ('01KP6CF1T6XRQQ6FWANMEE8D9X', '01KP6BZVHWC6NKY6W160FA4Q06', '2025-12-07 10:40:46'),
  ('01KP6CF1T7WXTCFS0J50N8RHGY', '01KP6BZVHXEXPKNCPBW88GN5KY', '2025-08-28 13:37:05'),
  ('01KP6CF1T8PCRHYZJHY16XN6S6', '01KP6BZVHYEJF0XWNWDNZZQSZ2', '2025-11-14 01:55:43'),
  ('01KP6CF1T8C66F3Q3CHVERZMHQ', '01KP6BZVHYKFE170VPEZD3QTVC', '2025-07-02 15:47:56'),
  ('01KP6CF1T9778ACDV45VPNQX28', '01KP6BZVHZJBMZY4TQBH8DAH33', '2025-10-21 06:53:20'),
  ('01KP6CF1TA5NCWY05CM5Z94X47', '01KP6BZVHZZ2AM4QKQWGV8QNJX', '2025-05-23 13:57:27'),
  ('01KP6CF1TBP59ZST4GY1EH47P2', '01KP6BZVJ0MNABEPG7MHQ59E8K', '2025-09-04 21:37:02'),
  ('01KP6CF1TBNZ7ZQ4SDD7VW58QK', '01KP6BZVJ03JEG18R8KQKCWG20', '2025-10-03 14:05:45'),
  ('01KP6CF1TCFZ14GEBDYSM10S4Q', '01KP6BZVJ1V6KDN89VMD20A9JQ', '2025-08-22 01:54:15'),
  ('01KP6CF1TDH553VYYKRTPXWMP7', '01KP6BZVJ1GYW19PC5M3ZTX8BK', '2025-06-26 20:41:51'),
  ('01KP6CF1TDYMFEWJ3GT3AKB31D', '01KP6BZVJ2180QGDEHAEP3T55K', '2025-09-21 17:59:04'),
  ('01KP6CF1TEKYSMEP3YHK43DTJT', '01KP6BZVJ2EVNA0CHV4ZJAWYDV', '2025-07-06 13:50:13'),
  ('01KP6CF1TF64KB8BA7RQN6GA0V', '01KP6BZVJ3GXZK8AVTA4HWH2WR', '2026-01-02 05:03:51'),
  ('01KP6CF1TG1VKSNSQPZ517JBDW', '01KP6BZVJ3KFMJ3MT4BZK6DKGH', '2025-12-07 12:49:54'),
  ('01KP6CF1TGRH4X7AJ014N6DMTX', '01KP6BZVJ469JVJTF3T5EG5X8Z', '2026-04-13 23:45:52'),
  ('01KP6CF1THTB7BEF2TSWYP5XS0', '01KP6BZVJ4TQF48ADDKFBGN017', '2025-08-11 20:24:48'),
  ('01KP6CF1TJZEYSPFKEWN3E924S', '01KP6BZVJ5HSC99B7DF1R9FGWX', '2025-12-22 18:27:20'),
  ('01KP6CF1TJFCBEX4S4PX6A0ACN', '01KP6BZVJ5VYDCFBNCR3ZMVCTC', '2025-11-12 00:14:49'),
  ('01KP6CF1TKWTKKSJEV94VNTHEM', '01KP6BZVJ6AZ0A5DBS9NXRGF0Z', '2025-06-27 15:17:36'),
  ('01KP6CF1TMVG0A4SNE33RX6TNR', '01KP6BZVJ7Q19QR9NVGJQ8G9DP', '2025-10-24 05:45:29'),
  ('01KP6CF1TMB127HC0CRGQQP00N', '01KP6BZVJ7D5H0XXMSKK9MRRG5', '2025-07-20 23:51:35'),
  ('01KP6CF1TNJQMRPAHQWFF9HE8G', '01KP6BZVJ8RTTTVTQCPEPCRSBT', '2026-01-15 00:29:09'),
  ('01KP6CF1TP8XNHCRG307SMVRET', '01KP6BZVJ85P2KAJYX08QEJ45A', '2026-04-11 21:08:04'),
  ('01KP6CF1TQRTTRQN8XGD9S5NM3', '01KP6BZVJ9TC3WJDZZ0AK0THRA', '2026-03-24 05:12:42'),
  ('01KP6CF1TQFN33M2E177HESZ62', '01KP6BZVJ9DQXDCRDEBVAP9ZCF', '2026-03-15 16:15:47'),
  ('01KP6CF1TRVJ74XA907WFQGNTC', '01KP6BZVJAQT0FQGWKC42Z7BWA', '2025-08-24 02:39:18'),
  ('01KP6CF1TS723Y93Y973GC8N1Y', '01KP6BZVJAW2JMZGNKZGZ1552F', '2026-03-24 23:21:03'),
  ('01KP6CF1TSBKFQH31FB4CBHQFS', '01KP6BZVJBGJEMSP4EYWQKBER3', '2026-01-03 06:29:30'),
  ('01KP6CF1TT25FZ6NXZFQX1C7VZ', '01KP6BZVJBQHRHQSEJ3GGFBADK', '2025-09-08 01:51:08'),
  ('01KP6CF1TVGCVAAP7T2CXJH0Q2', '01KP6BZVJCYGKFSX18E3FCMTKV', '2026-03-20 17:53:15'),
  ('01KP6CF1TV9C9WB922041B5NS7', '01KP6BZVJC7BPHFP9T5V6E6YJ2', '2025-05-17 17:03:21'),
  ('01KP6CF1TWNSGGSCJ1SWEEYDB9', '01KP6BZVJD02VGX2EQFQSXY5NT', '2026-03-21 03:14:04'),
  ('01KP6CF1TXP33W5KHR5QXVMPTN', '01KP6BZVJD1BYYQRD8B8XPVPTR', '2025-09-28 09:14:14'),
  ('01KP6CF1TX401F5YQCN4CX97DZ', '01KP6BZVJENB6P0DNZS29YNM9K', '2026-01-15 20:49:23'),
  ('01KP6CF1TY15J16BGR8YHV6MYX', '01KP6BZVJFRATZSW97TWJ6GJPW', '2025-05-26 09:24:50'),
  ('01KP6CF1TZ6HCBCTV8DDV248TT', '01KP6BZVJFMX48P3AT3M6M0TP4', '2025-06-30 09:29:58'),
  ('01KP6CF1V0H4CYYBE2CV4HSQZS', '01KP6BZVJG5DW8RF3DNCXTQVPV', '2025-05-30 04:30:08'),
  ('01KP6CF1V0EW91J3713WH4K934', '01KP6BZVJGC3AD7CFHHTRSXV6V', '2026-03-18 16:49:02'),
  ('01KP6CF1V1WNR6S3WMCY8ZAHQD', '01KP6BZVJHQQMG201SPY8D9GS9', '2025-11-02 09:24:30'),
  ('01KP6CF1V2520357Q2P49WVJPW', '01KP6BZVJHVB0FAXGH74SAS8Q5', '2025-11-27 18:56:53'),
  ('01KP6CF1V2GDSGKZ5EC8RGHGM2', '01KP6BZVJJ56B66H1R4XY56EW8', '2025-05-25 05:14:32'),
  ('01KP6CF1V33MN1XNWQKQFWQR54', '01KP6BZVJJT2GSPSAN35FMGG2Y', '2026-04-02 08:45:08'),
  ('01KP6CF1V4ZVS3QRPMD9PT740E', '01KP6BZVJK7A1EV6A7G84XZMAA', '2026-02-14 20:42:15'),
  ('01KP6CF1V4ZK0VW0DX6W26MYG7', '01KP6BZVJK5FKHCFXDQP67W2AW', '2025-05-19 04:29:32'),
  ('01KP6CF1V5REM5VPAQ47Q17TJ0', '01KP6BZVJMQKTN5G471AK95D93', '2025-12-29 11:01:36'),
  ('01KP6CF1V6Z9XN7438A9G9HKBM', '01KP6BZVJMQX2WK0Y2NK3N70Q9', '2026-03-04 02:20:09'),
  ('01KP6CF1V6JP5D8GXA6XAA12MR', '01KP6BZVJNRH10JX0JK2TEVZ0E', '2025-12-20 21:15:44'),
  ('01KP6CF1V7YRC9SG6XRGR4KAW4', '01KP6BZVJNDN3758R47JSPQV9R', '2026-01-22 05:03:04'),
  ('01KP6CF1V800R2K3G06CS0XZ8V', '01KP6BZVJPWQRN74QNCM7EKKA0', '2025-12-06 06:09:19'),
  ('01KP6CF1V9GZ1NVCXRCZJY8W9Y', '01KP6BZVJPETQ84W8W9TXHT0G1', '2025-08-10 17:46:59'),
  ('01KP6CF1V9923K1XB05MQ9XC9T', '01KP6BZVJQ6V7YW1RYBKCD7SE2', '2025-11-16 06:10:58'),
  ('01KP6CF1VA637JVB79B513FAJM', '01KP6BZVJQSN7XGNA4G2YRWSYJ', '2026-02-04 18:16:20'),
  ('01KP6CF1VBRWRXN4X3FC4XVJ0M', '01KP6BZVJRS0DVJAKKPSQ6RPGV', '2025-04-19 04:42:01'),
  ('01KP6CF1VC8CAS8ETD9AXY4R6P', '01KP6BZVJSA8GYFR1ABDD56FGB', '2025-12-17 17:12:20'),
  ('01KP6CF1VCY8KPG5NG3S0ZW06K', '01KP6BZVJS50J06S9TV3TWEAR2', '2025-08-29 05:32:52'),
  ('01KP6CF1VDD18PC39RKVJ23MJ6', '01KP6BZVJT9W8A54RS0HX6SQKR', '2025-08-30 16:57:38'),
  ('01KP6CF1VEAK54YE6E7JYD137S', '01KP6BZVJT16NCC99HFXB87YHD', '2025-05-24 17:26:56'),
  ('01KP6CF1VERQRHFDHA6MQP2MQG', '01KP6BZVJVEJQR8HCPJC5Z70QA', '2025-08-20 12:23:21'),
  ('01KP6CF1VFDK1STHFW0WPSH6Z2', '01KP6BZVJVD77QW0VPHV9BCG42', '2026-01-11 20:56:50'),
  ('01KP6CF1VGSK6NS8WKCM976J02', '01KP6BZVJWFCGZCP0Y8CNXMQBM', '2025-10-30 23:47:35'),
  ('01KP6CF1VG33GQP8YX1ASPESSM', '01KP6BZVJW0MT4NGFXZ9RXHH24', '2025-10-26 21:22:34'),
  ('01KP6CF1VHRNP23ZZZR0HR59WA', '01KP6BZVJXV5FQX957R7E95C5Y', '2026-01-28 05:53:38'),
  ('01KP6CF1VJZZQ703E0ADY3P2G5', '01KP6BZVJXH3K6QY9EJYN86NWE', '2026-01-27 12:12:22'),
  ('01KP6CF1VJ0GBM92WQVYFFQR9M', '01KP6BZVJY9X969YDA3R3B9JTD', '2026-02-12 15:40:15'),
  ('01KP6CF1VKWPN9RZHPQM6477E3', '01KP6BZVJY1SHE8EF924EXD6VG', '2025-05-29 22:59:14'),
  ('01KP6CF1VMF98VQMG9HFEGJV1G', '01KP6BZVJZW7HX9G0XE4XCPKN5', '2025-11-27 21:51:11'),
  ('01KP6CF1VMFPX7VZCAC63R3FZ8', '01KP6BZVJZP499MCA2DAHQ0Z7S', '2026-02-25 19:07:20'),
  ('01KP6CF1VNPG2JVX1QMGHRKK6Q', '01KP6BZVK0V3TAXDV56PWHZCW3', '2026-03-13 00:13:19'),
  ('01KP6CF1VPNFEE2JQWQR7M3NZ3', '01KP6BZVK07YQPWFGVZD99HSD1', '2026-02-13 12:08:22'),
  ('01KP6CF1VQQHHSCDZD9TDZAGYK', '01KP6BZVK1Q1BMQFFGEXV2XQVZ', '2025-12-12 18:32:27'),
  ('01KP6CF1VQTV0YYT449MGKAQHR', '01KP6BZVK1S7C3853K94S0027H', '2025-12-14 16:38:46'),
  ('01KP6CF1VRTBFR5SFYSZRD20FR', '01KP6BZVK294V737JYJHMC4NC1', '2026-04-09 20:59:30'),
  ('01KP6CF1VS1JAD9DKEFHQSSJ0K', '01KP6BZVK26NPZNZV5KJXC04XW', '2025-08-22 03:46:51'),
  ('01KP6CF1VT2DP1QWSKFAQ47FR2', '01KP6BZVK3Y3FFV05R9VG7BDN1', '2025-09-22 06:59:55'),
  ('01KP6CF1VT4WR47EQ4YMAPDXS2', '01KP6BZVK3S794GMX6MQP77YWZ', '2025-08-21 10:29:48'),
  ('01KP6CF1VV179A4H6BEYV8CNQJ', '01KP6BZVK4C8DAKRY46GXKYAW7', '2025-07-21 19:36:12'),
  ('01KP6CF1VWADT36JA7PKS8Z8ZA', '01KP6BZVK4MXMRGAHHQT3Q0G7J', '2025-06-10 08:08:37'),
  ('01KP6CF1VWDEXN6Y10HTY27NDM', '01KP6BZVK5ENR8WPH8SYS64GNG', '2026-02-14 23:46:22'),
  ('01KP6CF1VX1K2MHM6X8CC10SRJ', '01KP6BZVK5362Y8CP6949267G9', '2025-06-14 17:42:04'),
  ('01KP6CF1VYS1HMVRRGTNB6F8T8', '01KP6BZVK6T8YF11HVYVAV0D7K', '2026-01-19 23:35:37'),
  ('01KP6CF1VY04D157XYMAYHJ07J', '01KP6BZVK61GGR354MP0DP1N79', '2025-08-22 03:07:26'),
  ('01KP6CF1VZ6G0JP679NG7C7Q2T', '01KP6BZVK74JZ31HETZ6EXXAD7', '2025-06-20 02:32:30'),
  ('01KP6CF1W0SM11CZPF1MMY0V34', '01KP6BZVK7A4KRT2C3RPEDP2DP', '2025-08-12 23:42:01'),
  ('01KP6CF1W1X9W865C25GVVGSHT', '01KP6BZVK8QN56XMKKYEB6YH4N', '2025-12-24 11:24:02'),
  ('01KP6CF1W1FQKW824F4JCDDFHA', '01KP6BZVK8GVA91ZFCAMP5553R', '2026-01-29 10:50:54');

-- listing_moderation
INSERT INTO listing_moderation (moderation_id, reason, action, reviewed_at, listing_id, reviewed_by) 
VALUES
  ('01KP6KVS7XN2F6DYW87ZW48Y3M', 'Approved upon submission', 'approved', '2025-04-19 02:01:09', '01KP6BZVGZKKN5M25QA4VX7VV5', '01KP6FTVGP3K33KD4K7CBE7JGH'),
  ('01KP6KVS7YV5R7J88VZ10VRVJ2', 'Approved upon submission', 'approved', '2025-06-03 02:59:40', '01KP6BZVH8STAY7XXV1J8HYHG8', '01KP6FTVGP57CZT264217EARAW'),
  ('01KP6KVS7Y7K7G6D51WJZ2JX0X', 'Flagged for external link in bio', 'flagged', '2026-04-13 09:38:00', '01KP6BZVH8BT6Y7MT2HZ525ZJ3', '01KP6FTVGQS9Y3GE7F22X3XS8V'),
  ('01KP6KVS7ZZ0371A1HDE1Q50G7', 'Approved upon submission', 'approved', '2026-01-26 18:52:09', '01KP6BZVH96EE20A7M92N0H31S', '01KP6FTVGQDZF9BW2BWNYW9MDX'),
  ('01KP6KVS7Z7VS0QH3GWBEFR097', 'Rejected for inappropriate content', 'rejected', '2025-07-31 16:13:39', '01KP6BZVH9BFQRBXEEAQ1CB7FT', '01KP6FTVGRSG779XD4GEAKJEDN'),
  ('01KP6KVS7ZM976W8CXC9J4Z4JT', 'Approved upon submission', 'approved', '2026-02-09 06:35:41', '01KP6BZVHASPZN3PPPSF5S965E', '01KP6FTVGR0JXCVM903QCE6W8X'),
  ('01KP6KVS80AWTYERF20ZTHYRTA', 'Approved upon submission', 'approved', '2026-03-22 00:03:52', '01KP6BZVHAEBYBZCCZDQSQ8GN1', '01KP6FTVGSNG1SXB2KXJRXKCR9'),
  ('01KP6KVS80Q1BKJZMTX0YE0DPV', 'Flagged for suspected spam', 'flagged', '2025-12-24 06:21:08', '01KP6BZVHB9VC55WD04016DGS7', '01KP6FTVGSP0B75MG861AZ2KM0'),
  ('01KP6KVS80PSGSYRWF9EGJ8ZY9', 'Approved upon submission', 'approved', '2026-04-10 00:44:03', '01KP6BZVHBQ6QHM4TVV0CA32EB', '01KP6FTVGTVWY6MM6836MH2PCJ'),
  ('01KP6KVS81DRRETT74EWTXT1X0', 'Approved upon submission', 'approved', '2025-07-31 03:59:38', '01KP6BZVHC9RCN3GPA65X3P005', '01KP6FTVGTJQ1X365ZNRW504E0'),
  ('01KP6KVS81Y83J1467CZWVTAS2', 'Rejected for duplicate account', 'rejected', '2025-04-27 00:34:39', '01KP6BZVHCDGEWYWJHP8DV8KF6', '01KP6FTVGVF8167Z7QQ5M5MHSS'),
  ('01KP6KVS81F151Y6GWTHY3E812', 'Approved upon submission', 'approved', '2025-07-06 14:11:03', '01KP6BZVHDKB7E6Y9D7TZKMMXD', '01KP6FTVGVY99C72RN9SG2RR8B'),
  ('01KP6KVS82J2NJBAA2YT313VBJ', 'Flagged for unverifiable location', 'flagged', '2026-03-08 10:37:20', '01KP6BZVHES76QMA99E1D4P2CF', '01KP6FTVGW577M8T3EZREXSQXC'),
  ('01KP6KVS829G153PRN08AGKHNM', 'Approved upon submission', 'approved', '2025-12-27 08:37:02', '01KP6BZVHEQ0RX61RS0YAQ1WZZ', '01KP6FTVGWG6A57S4XWDD0638V'),
  ('01KP6KVS82V9GEE03A2R7H5XDT', 'Approved upon submission', 'approved', '2026-03-23 12:24:55', '01KP6BZVHFD3SE85EQ8WX7KM2F', '01KP6FTVGX7AAS2VAHE5C9EH3M'),
  ('01KP6KVS82BE2H5TKC73GK0WQV', 'Approved upon submission', 'approved', '2025-09-08 19:31:00', '01KP6BZVHFA0H33CYJD9X6V5YP', '01KP6FTVGX20TF5RDFVM5B3SY4'),
  ('01KP6KVS83TPE1XC47BTKY28SM', 'Rejected for misleading description', 'rejected', '2025-07-30 03:05:26', '01KP6BZVHGRDNWNGXNMGJ7VDM8', '01KP6FTVGY95KFV4EWG2NANRP3'),
  ('01KP6KVS838ZWDJZPD88R655SG', 'Flagged for unusual purchase pattern', 'flagged', '2026-02-14 01:47:19', '01KP6BZVHG01CZ4ZQ9Q4XHQE96', '01KP6FTVGYCMPJCEKV2PHV59TT'),
  ('01KP6KVS83MRPBTFP0WMQWQ9KW', 'Approved upon submission', 'approved', '2026-04-08 17:44:27', '01KP6BZVHHND4REYH1ZVHGRXN6', '01KP6FTVGZ9TMXRA84QNMSRWWR'),
  ('01KP6KVS84TB214885JN2CPQAF', 'Approved upon submission', 'approved', '2026-03-04 06:09:15', '01KP6BZVHH4VZNCTDT02GKERY0', '01KP6FTVGZT8FAPGJH3ENP4QVD'),
  ('01KP6KVS845ERWXNTYETH808ZC', NULL, 'approved', '2025-09-26 01:33:20', '01KP6BZVHJM29MDVSEXS31VGB4', '01KP6FTVH0D8578JBBHJ2565R4'),
  ('01KP6KVS84VD955PBSGFVKB22Y', 'Flagged for multiple reports from sellers', 'flagged', '2026-01-04 05:30:07', '01KP6BZVHJY8WTHJRQ93C6MC7M', '01KP6FTVH1JQTND4NEHMPVFH28'),
  ('01KP6KVS85ZHC7KZEFNXD06J5W', NULL, 'rejected', '2025-12-10 07:52:59', '01KP6BZVHKPNDQKRTJD1AW0G7W', '01KP6FTVH1FCS1Y9F6E5P4PB8S'),
  ('01KP6KVS858K07SFPHCQA6WWJ3', 'Approved upon submission', 'approved', '2025-09-12 02:45:10', '01KP6BZVHKYWEF7CM82ZDZS4TA', '01KP6FTVH2XNQZNBNTXYP3XTHJ'),
  ('01KP6KVS85TWV64QMJY91EDB0H', 'Approved upon submission', 'approved', '2025-07-07 17:10:48', '01KP6BZVHMCXPV940F60EYSMQ3', '01KP6FTVH2ABVMTWR5P0PK680D'),
  ('01KP6KVS85CJKBA2TJC52F7Z0K', 'Approved upon submission', 'approved', '2025-04-24 10:09:26', '01KP6BZVHM83BYKV71PVSVR4XJ', '01KP6FTVH3GT7S2W5YRA65QQ0H'),
  ('01KP6KVS86SFD8E8C0QQYJR78H', 'Flagged for suspicious payment method', 'flagged', '2025-11-12 15:26:15', '01KP6BZVHNYR2NV3X67QGG86QS', '01KP6FTVH3QDWA8728704Z0Y18'),
  ('01KP6KVS867AFKPNYZTASN1W6G', 'Approved upon submission', 'approved', '2025-07-16 18:54:52', '01KP6BZVHNDDMT27M4QWWP830N', '01KP6FTVH4RZRYJXPM5MGH4PTN'),
  ('01KP6KVS86KBYMK0E2VPFRFRT8', 'Rejected for counterfeit listing', 'rejected', '2025-07-12 07:18:16', '01KP6BZVHPJW3DPPJV756BF7CT', '01KP6FTVH4J0ZNT3NZEQYKXSV0'),
  ('01KP6KVS87Y90DFDRXAK4HGYEE', 'Approved upon submission', 'approved', '2025-12-30 16:13:47', '01KP6BZVHQMFH9CANF3YMQ1GKT', '01KP6FTVH5E6ZDJ5R5SK9Q8676'),
  ('01KP6KVS871YAWE1BRTVNE8KRH', 'Approved upon submission', 'approved', '2025-04-18 23:07:31', '01KP6BZVHQ0CEQKKJRTNQEFCQW', '01KP6FTVH5Z9G46B8TWA77A9BK'),
  ('01KP6KVS87440NCPZMXQ9MJAFP', 'Approved upon submission', 'approved', '2025-04-21 00:46:18', '01KP6BZVHRDZY3CBVENH1DRX90', '01KP6FTVH662EG5K26R1N55D0P'),
  ('01KP6KVS88ENJD1PTYRR70RY0N', 'Flagged for incomplete profile', 'flagged', '2025-10-04 08:33:29', '01KP6BZVHRE0CK1Y3NWC4EM1EW', '01KP6FTVH6YMQZWZDNGQD440ZX'),
  ('01KP6KVS8834P2C6B001W932H1', 'Approved upon submission', 'approved', '2025-05-07 15:08:15', '01KP6BZVHSNKQEZDN4XFRG2EW2', '01KP6FTVH7STFHEHHKWB68KDN5'),
  ('01KP6KVS88ZD03NTED1P6R87NV', 'Approved upon submission', 'approved', '2025-04-16 02:54:24', '01KP6BZVHS2MKSMZ0T1REZPD3B', '01KP6FTVH7M90PPKNJHGFF5JPW');

-- artist_application
INSERT INTO artist_application (application_id, status, portfolio_link, submitted_at, reviewed_at, artist_id, reviewer_id) 
VALUES
  ('01KP6KSYNVJ3Q4QDA1YGZGRENS', 'pending', 'portfolio.com/01KP6KSYNVJ3Q4QDA1YGZGRENS', '2025-10-08 00:00:00', '2025-05-06 00:00:00', '01KP6CTRZDVKCFFTTZMDVQ0E6F', '01KP6FTVGP3K33KD4K7CBE7JGH'),
  ('01KP6KSYNZRG05F7DEEJZD0WTH', 'pending', 'portfolio.com/01KP6KSYNZRG05F7DEEJZD0WTH', '2025-08-20 00:00:00', '2025-06-19 00:00:00', '01KP6CTRZDJGXF2PC090PA61XN', '01KP6FTVGP57CZT264217EARAW'),
  ('01KP6KSYNZTRP9J138X8HFG45F', 'rejected', 'portfolio.com/01KP6KSYNZTRP9J138X8HFG45F', '2025-04-27 00:00:00', '2025-04-18 00:00:00', '01KP6CTRZE6M7CRBTQDTQQMGE3', '01KP6FTVGQS9Y3GE7F22X3XS8V'),
  ('01KP6KSYP0FHVSVAK3B7WG3EN4', 'rejected', 'portfolio.com/01KP6KSYP0FHVSVAK3B7WG3EN4', '2026-03-30 00:00:00', NULL, '01KP6CTRZEY2B95BGSV9CRV46C', '01KP6FTVGQDZF9BW2BWNYW9MDX'),
  ('01KP6KSYP02WQD1N08VP1B2EM9', 'rejected', 'portfolio.com/01KP6KSYP02WQD1N08VP1B2EM9', '2025-07-30 00:00:00', '2025-07-26 00:00:00', '01KP6CTRZF2BP09ESCW88Z990P', '01KP6FTVGRSG779XD4GEAKJEDN'),
  ('01KP6KSYP1ZPVEK8K6EWRPH1J0', 'approved', 'portfolio.com/01KP6KSYP1ZPVEK8K6EWRPH1J0', '2026-01-04 00:00:00', '2025-09-28 00:00:00', '01KP6CTRZF046RG5MGFS9NQM10', '01KP6FTVGR0JXCVM903QCE6W8X'),
  ('01KP6KSYP12DV2XXSXNVZK8YAS', 'pending', 'portfolio.com/01KP6KSYP12DV2XXSXNVZK8YAS', '2025-11-24 00:00:00', '2025-05-15 00:00:00', '01KP6CTRZGYD0JV7NMZFYDBHS7', '01KP6FTVGSNG1SXB2KXJRXKCR9'),
  ('01KP6KSYP22NJ0BWJHJT7M03E6', 'rejected', 'portfolio.com/01KP6KSYP22NJ0BWJHJT7M03E6', '2025-05-26 00:00:00', '2025-09-08 00:00:00', '01KP6CTRZGRESBDN9X2P5ZNEKT', '01KP6FTVGSP0B75MG861AZ2KM0'),
  ('01KP6KSYP2W8R20BZJM76ABKER', 'rejected', 'portfolio.com/01KP6KSYP2W8R20BZJM76ABKER', '2025-09-30 00:00:00', '2025-09-04 00:00:00', '01KP6CTRZHAC6XA04N5CXQVZEQ', NULL),
  ('01KP6KSYP35DGCYGMTQ0BY3GXP', 'pending', 'portfolio.com/01KP6KSYP35DGCYGMTQ0BY3GXP', '2025-07-26 00:00:00', '2025-07-13 00:00:00', '01KP6CTRZHG5HCDF94VFXW73J1', '01KP6FTVGTJQ1X365ZNRW504E0'),
  ('01KP6KSYP3YK3VF0DCX7D22WAX', 'rejected', 'portfolio.com/01KP6KSYP3YK3VF0DCX7D22WAX', '2025-08-29 00:00:00', '2025-04-30 00:00:00', '01KP6CTRZJY8C3DSPZPPTZHTTY', '01KP6FTVGVF8167Z7QQ5M5MHSS'),
  ('01KP6KSYP48FYBAJ63RZ2ZYB8Y', 'approved', 'portfolio.com/01KP6KSYP48FYBAJ63RZ2ZYB8Y', '2025-11-09 00:00:00', '2025-09-12 00:00:00', '01KP6CTRZJY0YJSYKQ3Y71J904', '01KP6FTVGVY99C72RN9SG2RR8B'),
  ('01KP6KSYP4QKSJ59Z55R6Y94MH', 'approved', 'portfolio.com/01KP6KSYP4QKSJ59Z55R6Y94MH', '2026-02-15 00:00:00', '2025-07-06 00:00:00', '01KP6CTRZKVZJ2PEQWF5DNEGDS', '01KP6FTVGW577M8T3EZREXSQXC'),
  ('01KP6KSYP5JHBWSXTY7V74CD8R', 'approved', 'portfolio.com/01KP6KSYP5JHBWSXTY7V74CD8R', '2025-08-05 00:00:00', '2025-06-10 00:00:00', '01KP6CTRZKNVBX0CJF9VJHRBAF', '01KP6FTVGWG6A57S4XWDD0638V'),
  ('01KP6KSYP51BST43XYMCDHGW67', 'rejected', 'portfolio.com/01KP6KSYP51BST43XYMCDHGW67', '2025-04-14 00:00:00', '2025-08-24 00:00:00', '01KP6CTRZMA7345J9T8J83PB6E', NULL),
  ('01KP6KSYP606AXQDXVFNQVV88B', 'rejected', 'portfolio.com/01KP6KSYP606AXQDXVFNQVV88B', '2025-04-16 00:00:00', '2026-02-05 00:00:00', '01KP6CTRZMVTGRW9VRB9YYX691', '01KP6FTVGX20TF5RDFVM5B3SY4'),
  ('01KP6KSYP6YNACW0WPEZEVBFH7', 'rejected', 'portfolio.com/01KP6KSYP6YNACW0WPEZEVBFH7', '2025-10-24 00:00:00', '2025-12-15 00:00:00', '01KP6CTRZN47NEZVVYRHKNTVGE', '01KP6FTVGY95KFV4EWG2NANRP3'),
  ('01KP6KSYP7P39ZCX7YT0VDXSSJ', 'rejected', 'portfolio.com/01KP6KSYP7P39ZCX7YT0VDXSSJ', '2026-03-13 00:00:00', '2025-07-24 00:00:00', '01KP6CTRZN4N74N553BNFE1ZN4', '01KP6FTVGYCMPJCEKV2PHV59TT'),
  ('01KP6KSYP74QMW55E5VVVPZJHE', 'pending', 'portfolio.com/01KP6KSYP74QMW55E5VVVPZJHE', '2025-06-30 00:00:00', '2025-07-10 00:00:00', '01KP6CTRZP5VASPEHSE6BPQRZ6', '01KP6FTVGZ9TMXRA84QNMSRWWR'),
  ('01KP6KSYP8F7S8CYBNY7EH8A46', 'rejected', 'portfolio.com/01KP6KSYP8F7S8CYBNY7EH8A46', '2025-07-03 00:00:00', '2026-03-01 00:00:00', '01KP6CTRZP60Q6YBNJJBARE3W5', '01KP6FTVGZT8FAPGJH3ENP4QVD'),
  ('01KP6KSYP885S0MRNFEKKTZK2E', 'rejected', 'portfolio.com/01KP6KSYP885S0MRNFEKKTZK2E', '2025-08-29 00:00:00', '2025-07-09 00:00:00', '01KP6CTRZQKJE6B9T0A52BFJ9Y', '01KP6FTVH0D8578JBBHJ2565R4'),
  ('01KP6KSYP9JE3NHY9PW27XTDBT', 'rejected', 'portfolio.com/01KP6KSYP9JE3NHY9PW27XTDBT', '2025-04-29 00:00:00', '2025-08-30 00:00:00', '01KP6CTRZQ0RA27PG4EQ2K587H', '01KP6FTVH1JQTND4NEHMPVFH28'),
  ('01KP6KSYP9Q8X0H46KQTHQYBTQ', 'approved', 'portfolio.com/01KP6KSYP9Q8X0H46KQTHQYBTQ', '2025-10-06 00:00:00', NULL, '01KP6CTRZR8F61C8QMRRRTQ18S', '01KP6FTVH1FCS1Y9F6E5P4PB8S'),
  ('01KP6KSYPA2KQ3KW6T738JPHVH', 'pending', 'portfolio.com/01KP6KSYPA2KQ3KW6T738JPHVH', '2025-10-11 00:00:00', '2026-03-22 00:00:00', '01KP6CTRZRXZP7W218B595ZYK3', '01KP6FTVH2XNQZNBNTXYP3XTHJ'),
  ('01KP6KSYPA47VS99S17M1XBSHG', 'rejected', 'portfolio.com/01KP6KSYPA47VS99S17M1XBSHG', '2025-11-05 00:00:00', '2026-02-14 00:00:00', '01KP6CTRZSQSQAFZFJMH0TXR20', '01KP6FTVH2ABVMTWR5P0PK680D'),
  ('01KP6KSYPBMM9QD32T5Z25BGGX', 'pending', 'portfolio.com/01KP6KSYPBMM9QD32T5Z25BGGX', '2025-11-01 00:00:00', '2025-11-12 00:00:00', '01KP6CTRZSRS65PFTZGGWKQNY7', '01KP6FTVH3GT7S2W5YRA65QQ0H'),
  ('01KP6KSYPBBEVMNZ32T5DNVKNM', 'pending', 'portfolio.com/01KP6KSYPBBEVMNZ32T5DNVKNM', '2026-03-11 00:00:00', '2025-05-31 00:00:00', '01KP6CTRZTT6KVDDE5BTQEYMXW', '01KP6FTVH3QDWA8728704Z0Y18'),
  ('01KP6KSYPCBJX9HJF9VCBST0WC', 'rejected', 'portfolio.com/01KP6KSYPCBJX9HJF9VCBST0WC', '2025-04-22 00:00:00', '2025-09-19 00:00:00', '01KP6CTRZTE0G4JMWD2B8C5YX7', '01KP6FTVH4RZRYJXPM5MGH4PTN'),
  ('01KP6KSYPCQ6K4N9J75NN3HP8W', 'approved', 'portfolio.com/01KP6KSYPCQ6K4N9J75NN3HP8W', '2025-08-11 00:00:00', '2025-10-21 00:00:00', '01KP6CTRZVDMK2P3FSHABR53X2', '01KP6FTVH4J0ZNT3NZEQYKXSV0'),
  ('01KP6KSYPDKBQY27BYDSVCEFEK', 'pending', 'portfolio.com/01KP6KSYPDKBQY27BYDSVCEFEK', '2025-10-19 00:00:00', '2026-01-25 00:00:00', '01KP6CTRZV93R842V1ED4PYVFA', '01KP6FTVH5E6ZDJ5R5SK9Q8676'),
  ('01KP6KSYPDJGS11B1YVJVCYCM0', 'pending', 'portfolio.com/01KP6KSYPDJGS11B1YVJVCYCM0', '2025-10-10 00:00:00', '2026-02-04 00:00:00', '01KP6CTRZWZW5C40CDTJTCEM8G', '01KP6FTVH5Z9G46B8TWA77A9BK'),
  ('01KP6KSYPEKPRG63QA6TTVK0KR', 'approved', 'portfolio.com/01KP6KSYPEKPRG63QA6TTVK0KR', '2025-12-29 00:00:00', '2025-07-20 00:00:00', '01KP6CTRZW988ZNCVE99K8WA1E', '01KP6FTVH662EG5K26R1N55D0P'),
  ('01KP6KSYPE7X8XM5QND5V3KEV2', 'pending', 'portfolio.com/01KP6KSYPE7X8XM5QND5V3KEV2', '2026-01-26 00:00:00', '2025-05-19 00:00:00', '01KP6CTRZXSCZX2RZJ6R2T7MAE', '01KP6FTVH6YMQZWZDNGQD440ZX'),
  ('01KP6KSYPFKWNVVRQQ3KRPGXBW', 'approved', 'portfolio.com/01KP6KSYPFKWNVVRQQ3KRPGXBW', '2025-12-16 00:00:00', '2025-09-15 00:00:00', '01KP6CTRZXCZFV8TY3FD3P9RRJ', '01KP6FTVH7STFHEHHKWB68KDN5'),
  ('01KP6KSYPFBDVMAR9G8HD86B3X', 'rejected', 'portfolio.com/01KP6KSYPFBDVMAR9G8HD86B3X', '2026-03-01 00:00:00', '2025-07-20 00:00:00', '01KP6CTRZYDDH7C6ZXDXJJQH8K', '01KP6FTVH7M90PPKNJHGFF5JPW');

-- fraud_report
INSERT INTO fraud_report (report_id, reason, status, created_at, resolved_at, order_id, reviewer_id) 
VALUES
  ('01KP6CF1S9CGD50YNGTPZJEGS7', 'Suspicious purchase volume', 'open', '2025-05-22 18:16:11', NULL, '01KP6CF1S9CGD50YNGTPZJEGS7', '01KP6FTVGP3K33KD4K7CBE7JGH'),
  ('01KP6CF1SBB8JP1S3097XP6V7M', 'Possible duplicate account', 'investigating', '2026-03-01 07:28:00', NULL, '01KP6CF1SBB8JP1S3097XP6V7M', '01KP6FTVGP57CZT264217EARAW'),
  ('01KP6CF1SCSA53HPB9M4Q2VBBS', 'Unusual login location', 'resolved', '2025-04-28 20:03:47', '2025-05-03 11:22:09', '01KP6CF1SCSA53HPB9M4Q2VBBS', '01KP6FTVGQS9Y3GE7F22X3XS8V'),
  ('01KP6CF1SDKP5Z0FTHB7RMWCBX', 'Mismatched billing address', 'dismissed', '2025-08-01 22:33:04', NULL, '01KP6CF1SDKP5Z0FTHB7RMWCBX', '01KP6FTVGQDZF9BW2BWNYW9MDX'),
  ('01KP6CF1SDY19ARQ6E9M79NGP7', 'Chargeback after delivery', 'open', '2025-12-11 06:39:46', NULL, '01KP6CF1SDY19ARQ6E9M79NGP7', '01KP6FTVGRSG779XD4GEAKJEDN'),
  ('01KP6CF1SE9G99C1TGFP35ESN8', 'Possible duplicate account', 'resolved', '2026-04-02 11:32:28', '2026-04-04 15:32:28', '01KP6CF1SE9G99C1TGFP35ESN8', '01KP6FTVGR0JXCVM903QCE6W8X'),
  ('01KP6CF1SF3RKTG3V41GV0A38J', 'Suspicious purchase volume', 'investigating', '2025-04-25 17:44:06', NULL, '01KP6CF1SF3RKTG3V41GV0A38J', '01KP6FTVGSNG1SXB2KXJRXKCR9'),
  ('01KP6CF1SFG2W8TWB7R2GJDQNK', 'Multiple failed payment attempts', 'open', '2025-09-09 21:34:31', NULL, '01KP6CF1SFG2W8TWB7R2GJDQNK', '01KP6FTVGSP0B75MG861AZ2KM0'),
  ('01KP6CF1SGEK2ZGQ1GQRK95RCK', 'Flagged shipping address', 'dismissed', '2025-04-28 11:01:39', NULL, '01KP6CF1SGEK2ZGQ1GQRK95RCK', '01KP6FTVGTVWY6MM6836MH2PCJ'),
  ('01KP6CF1SHZJS2G0CB14MEWAFY', 'Chargeback after delivery', 'resolved', '2026-02-03 08:56:08', '2026-02-05 09:56:08', '01KP6CF1SHZJS2G0CB14MEWAFY', '01KP6FTVGTJQ1X365ZNRW504E0'),
  ('01KP6CF1SHTAGMHQET7JFBH4KD', 'Suspicious purchase volume', 'open', '2025-05-12 00:40:04', NULL, '01KP6CF1SHTAGMHQET7JFBH4KD', '01KP6FTVGVF8167Z7QQ5M5MHSS'),
  ('01KP6CF1SJA7Y5BA5NEXWWWRG5', 'Possible duplicate account', 'investigating', '2025-07-04 12:56:23', NULL, '01KP6CF1SJA7Y5BA5NEXWWWRG5', '01KP6FTVGVY99C72RN9SG2RR8B'),
  ('01KP6CF1SKRZZWK6DH37EF1TBN', 'Unusual login location', 'open', '2026-01-27 05:44:52', NULL, '01KP6CF1SKRZZWK6DH37EF1TBN', '01KP6FTVGW577M8T3EZREXSQXC'),
  ('01KP6CF1SMYG6ACYGK8Q2HAP96', 'Mismatched billing address', 'resolved', '2025-12-15 09:43:13', '2025-12-16 11:43:13', '01KP6CF1SMYG6ACYGK8Q2HAP96', '01KP6FTVGWG6A57S4XWDD0638V'),
  ('01KP6CF1SM2YHR0CV3YVY8QEPT', 'Flagged shipping address', 'dismissed', '2026-03-05 02:11:58', NULL, '01KP6CF1SM2YHR0CV3YVY8QEPT', '01KP6FTVGX7AAS2VAHE5C9EH3M'),
  ('01KP6CF1SN1SDSP5H8KC2S77Q2', 'Suspicious purchase volume', 'open', '2026-04-13 03:35:59', NULL, '01KP6CF1SN1SDSP5H8KC2S77Q2', '01KP6FTVGX20TF5RDFVM5B3SY4'),
  ('01KP6CF1SPEJYRBMS3BM4X7231', 'Multiple failed payment attempts', 'investigating', '2026-03-02 22:06:32', NULL, '01KP6CF1SPEJYRBMS3BM4X7231', '01KP6FTVGY95KFV4EWG2NANRP3'),
  ('01KP6CF1SPY05FC3AKN0H0WNQ1', 'Chargeback after delivery', 'resolved', '2025-04-26 12:54:03', '2025-08-15 04:32:33', '01KP6CF1SPY05FC3AKN0H0WNQ1', '01KP6FTVGYCMPJCEKV2PHV59TT'),
  ('01KP6CF1SQCS27KKDXC3HKF5YR', 'Possible duplicate account', 'open', '2025-10-01 03:27:29', NULL, '01KP6CF1SQCS27KKDXC3HKF5YR', '01KP6FTVGZ9TMXRA84QNMSRWWR'),
  ('01KP6CF1SRFCEQZQEC8AN5HHKZ', 'Flagged shipping address', 'dismissed', '2026-03-02 15:02:12', NULL, '01KP6CF1SRFCEQZQEC8AN5HHKZ', '01KP6FTVGZT8FAPGJH3ENP4QVD'),
  ('01KP6CF1SRW1SKKH9R6SBY5AK6', 'Mismatched billing address', 'resolved', '2025-04-21 14:01:28', '2026-04-11 11:55:00', '01KP6CF1SRW1SKKH9R6SBY5AK6', '01KP6FTVH0D8578JBBHJ2565R4'),
  ('01KP6CF1SS7MY9RX82H2SBTVE2', 'Suspicious purchase volume', 'open', '2026-03-04 13:17:57', NULL, '01KP6CF1SS7MY9RX82H2SBTVE2', '01KP6FTVH1JQTND4NEHMPVFH28'),
  ('01KP6CF1STA5ESGSQ7XFCAV844', 'Unusual login location', 'investigating', '2025-07-29 09:08:43', NULL, '01KP6CF1STA5ESGSQ7XFCAV844', '01KP6FTVH1FCS1Y9F6E5P4PB8S'),
  ('01KP6CF1STC3KQ4Z5EHC016W70', 'Multiple failed payment attempts', 'dismissed', '2025-12-02 22:45:32', NULL, '01KP6CF1STC3KQ4Z5EHC016W70', '01KP6FTVH2XNQZNBNTXYP3XTHJ'),
  ('01KP6CF1SV8QNE6TZCBC6ZXWCD', 'Possible duplicate account', 'open', '2025-07-18 12:09:38', NULL, '01KP6CF1SV8QNE6TZCBC6ZXWCD', '01KP6FTVH2ABVMTWR5P0PK680D'),
  ('01KP6CF1SWA66ZFKN2R3AEZD3Q', 'Chargeback after delivery', 'resolved', '2025-09-19 02:22:24', '2025-09-20 01:22:24', '01KP6CF1SWA66ZFKN2R3AEZD3Q', '01KP6FTVH3GT7S2W5YRA65QQ0H'),
  ('01KP6CF1SXD4QG5Y79G9M3DEAM', 'Suspicious purchase volume', 'open', '2025-11-22 21:45:05', NULL, '01KP6CF1SXD4QG5Y79G9M3DEAM', '01KP6FTVH3QDWA8728704Z0Y18'),
  ('01KP6CF1SX08VA70P45BZ2H1F7', 'Unusual login location', 'investigating', '2025-10-25 19:09:36', NULL, '01KP6CF1SX08VA70P45BZ2H1F7', '01KP6FTVH4RZRYJXPM5MGH4PTN'),
  ('01KP6CF1SYZ0Z4SS0Z3PM0XSXS', 'Mismatched billing address', 'resolved', '2026-04-06 21:02:00', '2026-04-08 03:02:00', '01KP6CF1SYZ0Z4SS0Z3PM0XSXS', '01KP6FTVH4J0ZNT3NZEQYKXSV0'),
  ('01KP6CF1SZDV0EWRXAJA11S2GY', 'Flagged shipping address', 'dismissed', '2025-11-07 06:51:45', NULL, '01KP6CF1SZDV0EWRXAJA11S2GY', '01KP6FTVH5E6ZDJ5R5SK9Q8676'),
  ('01KP6CF1SZJAMWP0M1AJ0ZXH1N', 'Multiple failed payment attempts', 'open', '2025-09-26 08:42:58', NULL, '01KP6CF1SZJAMWP0M1AJ0ZXH1N', '01KP6FTVH5Z9G46B8TWA77A9BK'),
  ('01KP6CF1T0R4PPJ3S0B29ZGZSV', 'Suspicious purchase volume', 'open', '2025-09-02 22:43:30', NULL, '01KP6CF1T0R4PPJ3S0B29ZGZSV', '01KP6FTVH662EG5K26R1N55D0P'),
  ('01KP6CF1T1RBRFT6T1E4FH0KKW', 'Possible duplicate account', 'investigating', '2025-09-12 00:07:26', NULL, '01KP6CF1T1RBRFT6T1E4FH0KKW', '01KP6FTVH6YMQZWZDNGQD440ZX'),
  ('01KP6CF1T2RY70YKR3692D3BFY', 'Chargeback after delivery', 'resolved', '2025-11-09 09:17:52', '2026-02-14 18:55:25', '01KP6CF1T2RY70YKR3692D3BFY', '01KP6FTVH7STFHEHHKWB68KDN5'),
  ('01KP6CF1T2YPC56MVKBV9YV13F', 'Unusual login location', 'open', '2026-01-08 01:01:59', NULL, '01KP6CF1T2YPC56MVKBV9YV13F', '01KP6FTVH7M90PPKNJHGFF5JPW');

-- system_metric
INSERT INTO system_metric (metric_id, metric_type, value, recorded_at) 
VALUES
  ('01KP6KWPB82NBC3X8V5VHY7GYH', 'gc_pause_time', 6.02, '2026-02-23 12:07:17'),
  ('01KP6KWPB9C2X3K4V35DG467ZQ', 'api_call_volume', 47.09, '2025-11-27 09:26:43'),
  ('01KP6KWPB9K23QVV3K5ARBPFJD', 'network_latency', 35.02, '2025-10-04 18:43:40'),
  ('01KP6KWPB9JKA4QCH8EH1WGWWH', 'response_time', 32.56, '2025-04-18 11:13:00'),
  ('01KP6KWPB9R0C5QSKSX8AYH8S5', 'request_count', 73.68, '2025-11-13 10:53:05'),
  ('01KP6KWPBA2AERH9J58VACMWVM', 'session_count', 86.42, '2025-11-22 17:44:21'),
  ('01KP6KWPBAPWPW14CN6MVZNYNB', 'packet_loss', 17.24, '2025-11-03 12:55:11'),
  ('01KP6KWPBA0D9E12QXG7VV8N5G', 'uptime', 15.15, '2025-04-21 04:37:12'),
  ('01KP6KWPBAHCEZ853BVVESCKGA', 'error_rate', 99.13, '2026-02-25 18:32:55'),
  ('01KP6KWPBB7J2VYP47VPECTN2M', 'load_average', 74.42, '2025-10-18 19:35:46'),
  ('01KP6KWPBB6AFY3KGSG3XZSXVV', 'swap_usage', 68.84, '2025-09-27 21:06:14'),
  ('01KP6KWPBBE6R1DRMQ5K9GCR1J', 'disk_io', 29.21, '2025-05-01 12:53:50'),
  ('01KP6KWPBB50GH3ZHXQ0NSWE5C', 'swap_usage', 1.1, '2025-08-16 21:52:44'),
  ('01KP6KWPBBABM9VRKH41VR4WK0', 'request_count', 19.54, '2025-06-10 22:44:50'),
  ('01KP6KWPBC26EGRD2ZR9D3ZE74', 'packet_loss', 93.54, '2025-10-22 16:12:56'),
  ('01KP6KWPBCS4QB1258VR48G2SB', 'network_latency', 67.19, '2025-09-04 05:46:01'),
  ('01KP6KWPBCXWQP0KTC6092W2WE', 'load_average', 73.87, '2026-03-17 14:02:43'),
  ('01KP6KWPBC4HMYQFQQ9FP322VH', 'queue_depth', 9.55, '2025-05-10 14:00:37'),
  ('01KP6KWPBD687NE766M12PXAGG', 'memory_usage', 65.49, '2026-01-09 07:14:56'),
  ('01KP6KWPBD3Y5WF3E1Q0DJ05B0', 'cache_hit_rate', 33.29, '2025-09-07 10:21:13'),
  ('01KP6KWPBD58THD399GPJQAV6K', 'gc_pause_time', 60.87, '2025-12-29 06:12:32'),
  ('01KP6KWPBDEPW7A5FTJWDEG4HX', 'error_rate', 1.17, '2025-12-17 04:35:36'),
  ('01KP6KWPBDF8R43TYB473FN7XK', 'network_latency', 94.31, '2025-10-10 08:57:34'),
  ('01KP6KWPBE959W091WJ13KGMZP', 'request_count', 61.06, '2026-01-02 00:56:08'),
  ('01KP6KWPBE98DCRC96GJJT4QVK', 'gc_pause_time', 58.81, '2025-09-21 10:51:54'),
  ('01KP6KWPBE3RNFW5PZA0Y8VDJT', 'bandwidth_usage', 70.42, '2025-04-20 10:27:21'),
  ('01KP6KWPBETF6BRGRE0F4WM0HC', 'gc_pause_time', 29.93, '2025-06-19 07:59:38'),
  ('01KP6KWPBEGSF9HHQPZGQGJ2Q8', 'cpu_usage', 80, '2025-11-03 13:42:29'),
  ('01KP6KWPBFAHNFZJ8D0SX9BMRY', 'disk_io', 59.22, '2025-06-07 07:14:53'),
  ('01KP6KWPBFMJ5BKX50YYWXCYRM', 'heap_usage', 65.98, '2025-05-14 04:30:43'),
  ('01KP6KWPBFWF5XZ1G04WK0Y6E1', 'db_query_time', 94.94, '2025-10-22 01:50:34'),
  ('01KP6KWPBF5N1Q5GS6HKY6E0AC', 'response_time', 28.23, '2025-06-17 15:36:38'),
  ('01KP6KWPBGV3A20DE9YZ00DPZT', 'packet_loss', 56.03, '2025-05-01 22:35:43'),
  ('01KP6KWPBGDFRCD1280Q0F4K7X', 'swap_usage', 93.92, '2025-12-16 07:54:50'),
  ('01KP6KWPBG4RRG98T9WNCR53XA', 'session_count', 42.03, '2025-06-25 21:24:27');

-- system_alert
INSERT INTO system_alert (alert_id, alert_type, severity, status, message, created_at, resolved_at) 
VALUES
  ('01KP6KWE8N1FMRPVB0DMZAYHDD', 'High CPU Usage', 'low', 'open', 'CPU usage exceeded 90% threshold', '2025-05-25 06:48:43', NULL),
  ('01KP6KWE8PAABY9CCCQJM4GJMV', 'API Timeout', 'low', 'investigating', 'API response time exceeded 5s', '2025-05-27 07:28:56', NULL),
  ('01KP6KWE8QHGE803M959P0DSEH', 'Memory Spike', 'low', 'resolved', 'Memory usage at 95%', '2025-11-22 08:32:01', '2025-11-22 23:32:01'),
  ('01KP6KWE8QJS4Q0R402JDD63Z0', 'Disk I/O Overload', 'critical', 'open', 'Disk I/O wait time above 80ms', '2025-10-06 19:11:40', NULL),
  ('01KP6KWE8QSBRR6BJKS5SFY1ST', 'Packet Loss Detected', 'critical', 'resolved', 'Packet loss rate above 3%', '2025-06-12 19:46:47', '2025-06-12 23:46:47'),
  ('01KP6KWE8RTDBBBS8QKSKM10E7', 'High Error Rate', 'low', 'investigating', 'Error rate exceeded 10% in last 5 minutes', '2026-01-25 22:24:41', NULL),
  ('01KP6KWE8R5TMFG06PBT8A0C7S', 'Slow Database Query', 'medium', 'open', 'Database query response time above 2s', '2025-11-27 01:02:38', NULL),
  ('01KP6KWE8S22275BERZJ9HXHXH', 'Cache Miss Surge', 'high', 'resolved', 'Cache miss rate exceeded 40%', '2025-10-15 16:43:44', '2025-10-17 04:43:44'),
  ('01KP6KWE8S4SJBF8J4BKTABKJ0', 'Network Latency Spike', 'low', 'open', 'Network latency above 300ms', '2025-10-06 09:50:49', NULL),
  ('01KP6KWE8S7YDFT31MSHMYV32M', 'Thread Pool Exhaustion', 'medium', 'investigating', 'Thread pool at 98% capacity', '2026-02-19 14:09:47', NULL),
  ('01KP6KWE8TXNFEH64EZFARQ39J', 'Heap Overflow Warning', 'medium', 'resolved', 'Heap usage at 92% of max allocation', '2026-01-20 15:27:05', '2026-01-21 23:27:05'),
  ('01KP6KWE8TY8P81XSJDA4KENZF', 'GC Pause Overrun', 'low', 'open', 'GC pause duration exceeded 500ms', '2026-04-06 14:05:31', NULL),
  ('01KP6KWE8VZ4195BNEGFDA6QQN', 'Bandwidth Saturation', 'medium', 'investigating', 'Bandwidth utilization at 95%', '2025-12-31 22:46:10', NULL),
  ('01KP6KWE8V68WCHJ4KA09WXKK6', 'Queue Depth Critical', 'medium', 'resolved', 'Queue depth exceeded 1000 messages', '2025-05-17 07:53:56', '2025-05-18 12:53:56'),
  ('01KP6KWE8VAZPVK14V9RBG0D2T', 'Swap Usage High', 'high', 'open', 'Swap usage above 70%', '2025-11-22 12:18:40', NULL),
  ('01KP6KWE8WC7J9EVNWHGR23DWX', 'Session Limit Approaching', 'low', 'resolved', 'Active sessions at 90% of limit', '2026-02-22 17:52:45', '2026-02-23 11:52:45'),
  ('01KP6KWE8W79C9JKDHJ1K4SZVC', 'Load Average Spike', 'high', 'open', 'Load average exceeded 4x CPU count', '2026-04-13 18:47:40', NULL),
  ('01KP6KWE8XH6QXEHQGWRN0WXEG', 'API Call Volume Surge', 'medium', 'investigating', 'API call volume up 300% from baseline', '2025-04-23 04:54:17', NULL),
  ('01KP6KWE8XA06W4DFH3CQJ68ZD', 'Uptime Anomaly', 'medium', 'open', 'Service uptime anomaly detected', '2025-09-05 23:51:13', NULL),
  ('01KP6KWE8XSJ5PQCXF5WHWDZA1', 'Request Rate Spike', 'high', 'resolved', 'Incoming request rate spiked 250% above normal', '2025-04-14 10:08:16', '2025-04-15 00:08:16'),
  ('01KP6KWE8YBNMKKWPRWD0B1HRF', 'High CPU Usage', 'high', 'investigating', 'CPU usage exceeded 90% threshold', '2025-07-08 04:03:44', NULL),
  ('01KP6KWE8YS07K8B8QT6RR4RW3', 'Disk I/O Overload', 'low', 'open', 'Disk I/O wait time above 80ms', '2026-03-10 18:25:25', NULL),
  ('01KP6KWE8ZZFG4HXVNFGZWVG63', 'Memory Spike', 'medium', 'resolved', 'Memory usage at 95%', '2025-07-07 08:04:13', '2025-07-10 06:04:13'),
  ('01KP6KWE8ZVCHJDNRB3WWYK32C', 'API Timeout', 'low', 'open', 'API response time exceeded 5s', '2025-08-05 13:16:28', NULL),
  ('01KP6KWE8ZAEDDCH64FY1R6SK1', 'Error Rate Critical', 'critical', 'investigating', 'Error rate exceeded 15% in last 5 minutes', '2025-08-07 16:03:22', NULL),
  ('01KP6KWE90S0NJDQA2D3Z5C0D6', 'Response Time Degraded', 'medium', 'resolved', NULL, '2026-03-15 06:56:30', '2026-03-15 18:56:30'),
  ('01KP6KWE90YTH10DDPX90JJSY5', 'Packet Loss Detected', 'critical', 'open', 'Packet loss rate above 3%', '2026-03-20 11:12:26', NULL),
  ('01KP6KWE91CX2Q6AS0GY9MB15R', 'Heap Overflow Warning', 'critical', 'investigating', 'Heap usage at 92% of max allocation', '2025-05-21 01:33:31', NULL),
  ('01KP6KWE91NTV0N2ZF6X4ZMBCE', 'Cache Miss Surge', 'critical', 'open', 'Cache miss rate exceeded 40%', '2025-09-23 19:36:38', NULL),
  ('01KP6KWE91QS8DKFS675GE1CPD', 'Network Latency Spike', 'low', 'resolved', 'Network latency above 300ms', '2025-07-14 09:04:27', '2025-07-16 16:04:27'),
  ('01KP6KWE92VVSX60D389KD6654', 'Thread Pool Exhaustion', 'low', 'open', 'Thread pool at 98% capacity', '2026-03-04 18:32:09', NULL),
  ('01KP6KWE928Z4P412PKQ35R8SG', 'Slow Database Query', 'low', 'resolved', 'Database query response time above 2s', '2025-04-14 05:40:57', '2025-04-14 10:40:57'),
  ('01KP6KWE9346TC49ESF3XWPXVX', 'Load Average Spike', 'high', 'investigating', 'Load average exceeded 4x CPU count', '2025-06-22 03:16:04', NULL),
  ('01KP6KWE93A990XPSXW83GWANS', 'API Call Volume Surge', 'critical', 'open', 'API call volume up 300% from baseline', '2026-03-15 23:21:35', NULL),
  ('01KP6KWE93TJSFYBTCWSZDFFPV', 'Swap Usage High', 'low', 'resolved', 'Swap usage above 70%', '2025-12-06 16:31:08', '2025-12-06 20:31:08');

-- platform_metrics
INSERT INTO platform_metrics (metric_id, active_users, churned_users, conversions, retained_users, user_rate, conversion_rate, retention_rate, turnover_rate, recorded_at) 
VALUES
  ('01KP6KW51T94QNBXCZ6G16Q3SF', 782, 4198, 5190, 4911, 0.1813, 0.3182, 0.7768, 0.3214, '2025-08-25 23:28:35'),
  ('01KP6KW51VKX0S4ZCWN37WHX4T', 483, 107, 5915, 1911, 0.6811, 0.4075, 0.3808, 0.7308, '2025-10-06 03:53:39'),
  ('01KP6KW51W9EPZJRHEXH3ZSG5S', 4955, 8066, 6491, 9920, 0.4227, 0.285, 0.3279, 0.9821, '2025-06-02 07:31:28'),
  ('01KP6KW51WPYNNGGDTFRHBJ744', 1927, 4283, 1179, 594, 0.0353, 0.6346, 0.1826, 0.9382, '2025-05-04 07:17:01'),
  ('01KP6KW51X6KQ3K3BBB59MBT8A', 4487, 9108, 5360, 7278, 0.5294, 0.6443, 0.4352, 0.341, '2026-02-07 10:58:44'),
  ('01KP6KW51X9XDSG9VAP4BBC01D', 5988, 6319, 4758, 2826, 0.853, 0.6096, 0.691, 0.6517, '2025-06-25 13:31:18'),
  ('01KP6KW51YKJFTNHS6A2F55VY1', 1387, 4104, 8394, 8220, 0.4597, 0.1775, 0.2303, 0.0286, '2026-03-01 08:46:53'),
  ('01KP6KW51ZSTYVQRZF3CXNXZ1V', 4464, 6143, 4561, 7055, 0.3461, 0.7766, 0.547, 0.1328, '2025-11-24 23:09:48'),
  ('01KP6KW51ZZ40N5TQB9QCDX40B', 5593, 8850, 2431, 5176, 0.1693, 0.2624, 0.225, 0.8218, '2026-01-04 16:48:16'),
  ('01KP6KW520821ATJVR4DNQWT9J', 7220, 7913, 2535, 3201, 0.2985, 0.6311, 0.984, 0.757, '2025-07-09 04:57:42'),
  ('01KP6KW520JT8RHXQ836WJBXBP', 1239, 8791, 295, 6916, 0.8365, 0.4844, 0.976, 0.0112, '2025-06-10 23:38:00'),
  ('01KP6KW521RRH3NAZ4ZZJ1H3XR', 4316, 9818, 4093, 7208, 0.8217, 0.4428, 0.0355, 0.911, '2025-07-30 06:06:38'),
  ('01KP6KW521GYDCEV40DZK9HP7C', 5355, 5134, 1332, 6774, 0.6873, 0.545, 0.3314, 0.6163, '2025-06-05 17:46:02'),
  ('01KP6KW5226PXTTRBSJTBAG32C', 8504, 6237, 2532, 7687, 0.3454, 0.7807, 0.1071, 0.3413, '2025-10-13 07:02:00'),
  ('01KP6KW523BRFWXXQQH7JAJA50', 9397, 4968, 8787, 712, 0.6447, 0.8195, 0.947, 0.1403, '2025-11-30 11:37:17'),
  ('01KP6KW523X7N6MBHQGPD3T0A5', 3248, 4408, 2162, 8590, 0.5393, 0.6921, 0.6923, 0.6599, '2026-03-04 15:29:55'),
  ('01KP6KW524Y2TJ17701FZXF575', 1103, 8215, 4685, 3092, 0.2536, 0.176, 0.7845, 0.1246, '2025-09-18 06:34:57'),
  ('01KP6KW5241DKFR93XETCRERQ8', 5449, 4346, 4225, 8842, 0.383, 0.1018, 0.2827, 0.8089, '2026-03-13 21:15:54'),
  ('01KP6KW525BJY605G5QQE15SZA', 8093, 6497, 9603, 3399, 0.6136, 0.4775, 0.6911, 0.065, '2025-07-07 10:20:58'),
  ('01KP6KW526S5AY57PZN0PMKZXE', 8145, 179, 7189, 6868, 0.1394, 0.9604, 0.3009, 0.7093, '2025-05-04 11:01:06'),
  ('01KP6KW526H4ZFNCXFS8YKG2X9', 9659, 5266, 3051, 6449, 0.8291, 0.1583, 0.3501, 0.1319, '2025-10-24 02:47:01'),
  ('01KP6KW527FNJMKZJEQDVPAJVC', 4524, 654, 9408, 8033, 0.8933, 0.1983, 0.7594, 0.6755, '2025-09-28 07:38:03'),
  ('01KP6KW527YMTF2YNR11ED1ZE2', 625, 7545, 5933, 9086, 0.7136, 0.436, 0.3898, 0.177, '2025-04-18 13:27:29'),
  ('01KP6KW528520PJNVNDD30XXHZ', 6703, 4576, 8343, 5846, 0.3815, 0.3436, 0.6942, 0.5674, '2026-03-23 08:52:49'),
  ('01KP6KW528XJFZ7HMXWV4JZB86', 8603, 7872, 4476, 4804, 0.9761, 0.7191, 0.529, 0.8058, '2026-03-06 11:41:17'),
  ('01KP6KW529ZZNPHKGSB9VFEZRP', 346, 7428, 230, 3003, 0.4162, 0.3392, 0.5567, 0.3472, '2025-11-26 03:20:40'),
  ('01KP6KW52AW56VNQPV1XEZ0A91', 845, 2442, 5364, 7686, 0.4772, 0.9363, 0.388, 0.3693, '2025-12-23 01:06:29'),
  ('01KP6KW52AE42MZV77ZAP9T9CM', 6450, 7760, 8428, 9172, 0.3438, 0.6711, 0.6711, 0.9528, '2026-04-02 01:45:08'),
  ('01KP6KW52BQGQDJ3CPSENM9DEP', 4791, 6445, 7579, 8358, 0.8655, 0.4492, 0.8208, 0.5097, '2025-08-03 07:34:16'),
  ('01KP6KW52B9SD95BE3XZM89MZE', 2597, 2455, 6693, 8478, 0.1535, 0.5589, 0.7441, 0.2476, '2025-07-02 13:01:56'),
  ('01KP6KW52CNTVM1P841C8GYNX4', 7643, 6486, 1847, 9955, 0.3795, 0.0368, 0.6538, 0.243, '2025-08-10 16:13:04'),
  ('01KP6KW52DJFXZKAY28YR41ZBK', 9762, 4918, 8672, 139, 0.2856, 0.037, 0.9519, 0.2527, '2025-08-29 03:34:59'),
  ('01KP6KW52D57ZMKSS5PGA7R2VG', 4142, 5170, 2066, 4685, 0.8128, 0.5068, 0.894, 0.375, '2025-09-21 23:59:09'),
  ('01KP6KW52E1N1VTC0J9JXPR0EG', 2584, 2116, 1038, 9647, 0.1103, 0.4556, 0.44, 0.0152, '2026-04-09 09:58:34'),
  ('01KP6KW52EMYQ4S7QP2GR65NGJ', 8444, 7448, 9752, 9999, 0.7629, 0.7407, 0.7093, 0.7843, '2025-05-02 16:15:57');