DROP DATABASE IF EXISTS `unbxd-orig`;
CREATE DATABASE `unbxd-orig`;
USE `unbxd-orig`;

CREATE TABLE `user` (
    user_id     INT UNSIGNED AUTO_INCREMENT PRIMARY KEY,
    username    VARCHAR(100) NOT NULL UNIQUE,
    first_name  VARCHAR(100) NOT NULL,
    last_name   VARCHAR(100) NOT NULL,
    phone       VARCHAR(20),
    bio         VARCHAR(255),
    street_address VARCHAR(255),
    city        VARCHAR(100),
    state       VARCHAR(100),
    role        VARCHAR(50) NOT NULL DEFAULT 'user',
    gender      VARCHAR(20),
    dob         DATE,
    created_at  DATETIME NOT NULL DEFAULT CURRENT_TIMESTAMP,
    photo_link  TINYTEXT
);

CREATE TABLE user_email (
    email_id    INT UNSIGNED AUTO_INCREMENT PRIMARY KEY,
    email       VARCHAR(255) NOT NULL UNIQUE,
    is_primary  TINYINT(1) NOT NULL DEFAULT 0,
    user_id     INT UNSIGNED NOT NULL,
    CONSTRAINT fk_email_user FOREIGN KEY (user_id) REFERENCES `user`(user_id) ON DELETE CASCADE
);

CREATE TABLE artist (
    artist_id   INT UNSIGNED AUTO_INCREMENT PRIMARY KEY,
    is_verified TINYINT(1) NOT NULL DEFAULT 0,
    CONSTRAINT fk_artist_user FOREIGN KEY (artist_id) REFERENCES `user`(user_id) ON DELETE CASCADE
);

CREATE TABLE admin (
    admin_id INT UNSIGNED AUTO_INCREMENT PRIMARY KEY,
    first_name VARCHAR(50) NOT NULL,
    last_name VARCHAR(50) NOT NULL,
    role VARCHAR(50) NOT NULL
);

CREATE TABLE admin_email (
    email_id    INT UNSIGNED AUTO_INCREMENT PRIMARY KEY,
    email       VARCHAR(255) NOT NULL UNIQUE,
    is_primary  TINYINT(1) NOT NULL DEFAULT 0,
    admin_id     INT UNSIGNED NOT NULL,
    CONSTRAINT fk_email_admin FOREIGN KEY (admin_id) REFERENCES admin(admin_id) ON DELETE CASCADE
);

CREATE TABLE artist_status (
    status_id INT UNSIGNED AUTO_INCREMENT PRIMARY KEY,
    status enum('under review', 'verified', 'banned', 'resolved') NOT NULL,
    created_at DATETIME NOT NULL DEFAULT CURRENT_TIMESTAMP,
    artist_id INT UNSIGNED NOT NULL,
    reviewer_id INT UNSIGNED NOT NULL,
    CONSTRAINT fk_artist_status_reviewer FOREIGN KEY (reviewer_id) REFERENCES admin(admin_id) ON DELETE RESTRICT,
    CONSTRAINT fk_artist_status_artist FOREIGN KEY (artist_id) REFERENCES artist(artist_id)
);

CREATE TABLE category (
    category_id INT UNSIGNED AUTO_INCREMENT PRIMARY KEY,
    name        VARCHAR(50) NOT NULL UNIQUE
);

CREATE TABLE item (
    item_id     INT UNSIGNED AUTO_INCREMENT PRIMARY KEY,
    name        VARCHAR(255) NOT NULL,
    description VARCHAR(255),
    size        VARCHAR(50),
    image_link  VARCHAR(255),
    artist_id     INT UNSIGNED NOT NULL,
    category_id INT UNSIGNED,
    CONSTRAINT fk_item_user FOREIGN KEY (artist_id) REFERENCES artist(artist_id) ON DELETE CASCADE,
    CONSTRAINT fk_item_category FOREIGN KEY (category_id) REFERENCES category(category_id) ON DELETE SET NULL
);

CREATE TABLE variants (
    item_id     INT UNSIGNED NOT NULL,
    name        VARCHAR(75) NOT NULL,
    pull_rate   FLOAT(3,2) NOT NULL,
    PRIMARY KEY (item_id, name),
    CONSTRAINT fk_variant_item FOREIGN KEY (item_id) REFERENCES item(item_id) ON DELETE CASCADE
);

CREATE TABLE listing (
    listing_id  INT UNSIGNED AUTO_INCREMENT PRIMARY KEY,
    title       VARCHAR(50) NOT NULL,
    quantity    INT NOT NULL DEFAULT 0,
    price       DECIMAL(6, 2) NOT NULL,
    status ENUM('pending', 'active', 'archive', 'approved', 'rejected', 'flagged') NOT NULL,
    listing_type    VARCHAR(255),
    post_time   DATETIME NOT NULL DEFAULT CURRENT_TIMESTAMP,
    item_id     INT UNSIGNED NOT NULL,
    artist_id   INT UNSIGNED NOT NULL,
    CONSTRAINT fk_listing_seller FOREIGN KEY (artist_id) REFERENCES artist(artist_id) ON DELETE CASCADE,
    CONSTRAINT fk_listing_item FOREIGN KEY (item_id) REFERENCES item(item_id) ON DELETE CASCADE
);

CREATE TABLE `order` (
    order_id    INT UNSIGNED AUTO_INCREMENT PRIMARY KEY,
    order_time  DATETIME NOT NULL DEFAULT CURRENT_TIMESTAMP,
    status ENUM('in cart', 'purchased', 'processing', 'shipped') NOT NULL,
    buyer_id    INT UNSIGNED NOT NULL,
    order_total FLOAT (6,2) NULL,
    CONSTRAINT fk_order_user FOREIGN KEY (buyer_id) REFERENCES `user`(user_id) ON DELETE RESTRICT
);

CREATE TABLE order_items (
    order_item_id       INT UNSIGNED AUTO_INCREMENT PRIMARY KEY,
    quantity            INT NOT NULL,
    price_at_purchase   FLOAT(6, 2) NOT NULL,
    order_id            INT UNSIGNED NOT NULL,
    listing_id          INT UNSIGNED NOT NULL,
    CONSTRAINT fk_orderitems_order FOREIGN KEY (order_id) REFERENCES `order`(order_id) ON DELETE CASCADE,
    CONSTRAINT fk_orderitems_listing FOREIGN KEY (listing_id) REFERENCES listing(listing_id) ON DELETE CASCADE
);

CREATE TABLE likes (
    user_id     INT UNSIGNED NOT NULL,
    listing_id  INT UNSIGNED NOT NULL,
    liked_at    DATETIME NOT NULL DEFAULT CURRENT_TIMESTAMP,
    PRIMARY KEY (user_id, listing_id),
    CONSTRAINT fk_likes_user    FOREIGN KEY (user_id)    REFERENCES `user`(user_id)       ON DELETE CASCADE,
    CONSTRAINT fk_likes_listing FOREIGN KEY (listing_id) REFERENCES listing(listing_id)   ON DELETE CASCADE
);

CREATE TABLE artist_application (
    application_id  INT UNSIGNED AUTO_INCREMENT PRIMARY KEY,
    status ENUM('pending', 'approved', 'rejected') NOT NULL,
    portfolio_link  VARCHAR(255) NOT NULL,
    submitted_at    DATETIME NOT NULL DEFAULT CURRENT_TIMESTAMP,
    reviewed_at DATETIME,
    artist_id INT UNSIGNED NOT NULL,
    reviewer_id INT UNSIGNED,
    CONSTRAINT fk_application_artist FOREIGN KEY (artist_id) REFERENCES artist(artist_id) ON DELETE CASCADE,
    CONSTRAINT fk_application_reviewer FOREIGN KEY (reviewer_id) REFERENCES admin(admin_id) ON DELETE RESTRICT
);

CREATE TABLE user_activity (
    activity_id     INT UNSIGNED AUTO_INCREMENT PRIMARY KEY,
    activity_type   ENUM('view', 'search', 'like', 'purchase') NOT NULL,
    search_term     VARCHAR(255) DEFAULT NULL,
    created_at      DATETIME NOT NULL DEFAULT CURRENT_TIMESTAMP,
    user_id         INT UNSIGNED NOT NULL,
    listing_id      INT UNSIGNED DEFAULT NULL,
    CONSTRAINT fk_activity_user    FOREIGN KEY (user_id)    REFERENCES `user`(user_id)       ON DELETE CASCADE,
    CONSTRAINT fk_activity_listing FOREIGN KEY (listing_id) REFERENCES listing(listing_id)   ON DELETE SET NULL
);

CREATE TABLE listing_moderation (
    moderation_id   INT UNSIGNED AUTO_INCREMENT PRIMARY KEY,
    reason          VARCHAR(255),
    action          ENUM('approved', 'rejected', 'flagged') NOT NULL,
    reviewed_at     DATETIME NOT NULL DEFAULT CURRENT_TIMESTAMP,
    listing_id      INT UNSIGNED NOT NULL,
    reviewed_by     INT UNSIGNED NOT NULL,
    CONSTRAINT fk_moderation_listing    FOREIGN KEY (listing_id)    REFERENCES listing(listing_id)  ON DELETE CASCADE,
    CONSTRAINT fk_moderation_reviewer   FOREIGN KEY (reviewed_by)   REFERENCES `admin`(admin_id)      ON DELETE RESTRICT
);

CREATE TABLE fraud_report (
    report_id   INT UNSIGNED AUTO_INCREMENT PRIMARY KEY,
    reason      TEXT NOT NULL,
    status      ENUM('open', 'investigating', 'resolved', 'dismissed') NOT NULL,
    created_at  DATETIME NOT NULL DEFAULT CURRENT_TIMESTAMP,
    resolved_at DATETIME DEFAULT NULL,
    order_id    INT UNSIGNED NOT NULL,
    reviewer_id  INT UNSIGNED NOT NULL,
    CONSTRAINT fk_afraud_order FOREIGN KEY (order_id) REFERENCES `order`(order_id) ON DELETE RESTRICT,
    CONSTRAINT fk_fraud_reviewer FOREIGN KEY (reviewer_id) REFERENCES admin(admin_id) ON DELETE RESTRICT
);

CREATE TABLE user_session (
    session_id      INT UNSIGNED AUTO_INCREMENT PRIMARY KEY,
    pages_viewed    INT UNSIGNED NOT NULL DEFAULT 0,
    login_time      DATETIME NOT NULL DEFAULT CURRENT_TIMESTAMP,
    logout_time     DATETIME DEFAULT NULL,
    user_id         INT UNSIGNED NOT NULL,
    CONSTRAINT fk_session_user FOREIGN KEY (user_id) REFERENCES `user`(user_id) ON DELETE CASCADE
);

CREATE TABLE system_metric (
    metric_id       INT UNSIGNED AUTO_INCREMENT PRIMARY KEY,
    metric_type     VARCHAR(50) NOT NULL,
    value           DECIMAL(10, 2) NOT NULL,
    recorded_at     DATETIME NOT NULL DEFAULT CURRENT_TIMESTAMP
);

CREATE TABLE system_alert (
    alert_id        INT UNSIGNED AUTO_INCREMENT PRIMARY KEY,
    alert_type      VARCHAR(100) NOT NULL,
    severity        ENUM('low', 'medium', 'high', 'critical') NOT NULL,
    status          ENUM('open', 'investigating', 'resolved') NOT NULL DEFAULT 'open',
    message         VARCHAR (255),
    created_at      DATETIME NOT NULL DEFAULT CURRENT_TIMESTAMP,
    resolved_at     DATETIME DEFAULT NULL
);

CREATE TABLE platform_metrics (
    metric_id           INT UNSIGNED AUTO_INCREMENT PRIMARY KEY,
    active_users        INT UNSIGNED NOT NULL DEFAULT 0,
    churned_users       INT UNSIGNED NOT NULL DEFAULT 0,
    conversions         INT UNSIGNED NOT NULL DEFAULT 0,
    retained_users      INT UNSIGNED NOT NULL DEFAULT 0,
    user_rate           DECIMAL(5, 4) NOT NULL DEFAULT 0,
    conversion_rate     DECIMAL(5, 4) NOT NULL DEFAULT 0,
    retention_rate      DECIMAL(5, 4) NOT NULL DEFAULT 0,
    turnover_rate       DECIMAL(5, 4) NOT NULL DEFAULT 0,
    recorded_at         DATETIME NOT NULL DEFAULT CURRENT_TIMESTAMP
);

-- admin
INSERT INTO admin (admin_id, first_name, last_name, role) 
Values 
(1, 'Marie-ann', 'Welch', 'systems'),
(2, 'Bevvy', 'Creane', 'performance'),
(3, 'Tate', 'Legion', 'performance'),
(4, 'Kingsley', 'Ross', 'manager'),
(5, 'Laure', 'Dunlop', 'systems'),
(6, 'Lena', 'Burkman', 'performance'),
(7, 'Susanne', 'Dwire', 'manager'),
(8, 'Peggy', 'Sawkin', 'manager'),
(9, 'Osgood', 'Jaycox', 'performance'),
(10, 'Shelton', 'Orht', 'performance'),
(11, 'Pamella', 'Gowdridge', 'performance'),
(12, 'Petra', 'Pinnocke', 'manager'),
(13, 'Lark', 'Findlow', 'performance'),
(14, 'Konstantin', 'Thundercliffe', 'systems'),
(15, 'Demetri', 'Winser', 'performance'),
(16, 'Even', 'Gorman', 'performance'),
(17, 'Simone', 'Deners', 'performance'),
(18, 'Horatio', 'Saye', 'performance'),
(19, 'Sharai', 'Mannix', 'manager'),
(20, 'Oby', 'Heselwood', 'performance'),
(21, 'Nessy', 'Greenroyd', 'systems'),
(22, 'Gelya', 'Doni', 'manager'),
(23, 'Stefanie', 'Abercrombie', 'systems'),
(24, 'Leanor', 'Hendin', 'systems'),
(25, 'Idelle', 'Bolus', 'performance'),
(26, 'Cristal', 'Scogings', 'manager'),
(27, 'Blinny', 'Colin', 'performance'),
(28, 'Teodorico', 'Vallis', 'performance'),
(29, 'Julianna', 'Foot', 'systems'),
(30, 'Tyson', 'Mathivat', 'manager'),
(31, 'Kass', 'Shillito', 'manager'),
(32, 'Clementius', 'Wrench', 'performance'),
(33, 'Niki', 'Hackford', 'systems'),
(34, 'Winifred', 'Gehrtz', 'systems'),
(35, 'Patty', 'Rugieri', 'manager');

-- user
INSERT INTO user (user_id, username, first_name, last_name, phone, gender, street_address, city, state, role, dob, created_at, photo_link) 
Values 
(1, 'gtarry0', 'Goddard', 'Tarry', '318-516-5691', 'Male', '03558 Loomis Hill', 'Monroe', 'Louisiana', 'user', '1935-07-25', '2026-04-13 11:16:13', null),
(2, 'gsinderson1', 'Gal', 'Sinderson', '502-287-1193', 'Male', '3435 Green Terrace', 'Louisville', 'Kentucky', 'user', null, '2026-04-13 11:16:13', 'https://robohash.org/recusandaedistinctioimpedit.png?size=50x50&set=set1'),
(3, 'mhandford2', 'Michelle', 'Handford', '623-740-6731', 'Female', '00540 Grasskamp Pass', 'Phoenix', 'Arizona', 'user', null, '2026-04-13 11:16:13', 'https://robohash.org/eaquevoluptatemdeserunt.png?size=50x50&set=set1'),
(4, 'edanels3', 'Evita', 'Danels', '317-399-6065', 'Female', '8103 Buell Plaza', 'Indianapolis', 'Indiana', 'user', '1940-12-12', '2026-04-13 11:16:13', 'https://robohash.org/isteautomnis.png?size=50x50&set=set1'),
(5, 'kglencrosche4', 'Kenny', 'Glencrosche', '786-778-4049', 'Male', '94314 David Pass', 'Miami', 'Florida', 'user', '1987-11-03', '2026-04-13 11:16:13', 'https://robohash.org/nihilodiout.png?size=50x50&set=set1'),
(6, 'rjamieson5', 'Rosalynd', 'Jamieson', null, 'Female', '59 Monterey Hill', 'Waterbury', 'Connecticut', 'user', '2007-10-07', '2026-04-13 11:16:13', null),
(7, 'sfishenden6', 'Shalna', 'Fishenden', '718-965-9307', null, '556 Starling Pass', 'Brooklyn', 'New York', 'user', '1947-05-31', '2026-04-13 11:16:13', 'https://robohash.org/velveritatisaut.png?size=50x50&set=set1'),
(8, 'mamner7', 'Maryl', 'Amner', '714-691-9339', 'Female', '74 Katie Court', 'Orange', 'California', 'user', '2002-12-28', '2026-04-13 11:16:13', null),
(9, 'mshilton8', 'Mair', 'Shilton', '248-350-1014', 'Female', '7097 Starling Park', 'Troy', 'Michigan', 'user', '1973-12-13', '2026-04-13 11:16:13', null),
(10, 'dpriscott9', 'Danny', 'Priscott', '702-342-6740', 'Male', '44 Merry Crossing', 'Las Vegas', 'Nevada', 'user', '1982-11-15', '2026-04-13 11:16:13', 'https://robohash.org/etiuremolestiae.png?size=50x50&set=set1'),
(11, 'sbarnshawa', 'Sadye', 'Barnshaw', '303-228-8486', 'Female', '73611 Bartillon Circle', 'Denver', 'Colorado', 'user', '1958-12-18', '2026-04-13 11:16:13', 'https://robohash.org/idautet.png?size=50x50&set=set1'),
(12, 'rmcgairlb', 'Rees', 'McGairl', '916-548-8759', 'Male', '16 Vidon Way', 'Sacramento', 'California', 'user', '1968-07-22', '2026-04-13 11:16:13', null),
(13, 'pmewburnc', 'Papageno', 'Mewburn', null, 'Male', '3 Brown Court', 'Alexandria', 'Virginia', 'user', '1960-02-10', '2026-04-13 11:16:13', 'https://robohash.org/quodautemculpa.png?size=50x50&set=set1'),
(14, 'wboucherd', 'Wright', 'Boucher', '801-923-9632', null, '99 Oak Center', 'Salt Lake City', 'Utah', 'user', '1954-04-22', '2026-04-13 11:16:13', null),
(15, 'lfursee', 'Lucilia', 'Furse', null, 'Female', '18 Monument Alley', 'Minneapolis', 'Minnesota', 'user', '1962-09-05', '2026-04-13 11:16:13', 'https://robohash.org/providentoccaecatisit.png?size=50x50&set=set1'),
(16, 'tmcgilvrayf', 'Tammara', 'McGilvray', '505-269-4307', 'Female', '44 Harper Plaza', 'Albuquerque', 'New Mexico', 'user', '1931-08-18', '2026-04-13 11:16:13', null),
(17, 'eromerilg', 'Elfrieda', 'Romeril', '915-179-7839', 'Female', '25812 Butterfield Way', 'El Paso', 'Texas', 'user', '1946-06-13', '2026-04-13 11:16:13', 'https://robohash.org/consequaturasperioresnihil.png?size=50x50&set=set1'),
(18, 'ldyetth', 'Lewes', 'Dyett', '404-122-2106', 'Male', '5769 Melrose Drive', 'Atlanta', 'Georgia', 'user', '1965-11-15', '2026-04-13 11:16:13', 'https://robohash.org/hicuterror.png?size=50x50&set=set1'),
(19, 'ahustleri', 'Adria', 'Hustler', '360-271-4023', 'Non-binary', '49 Pine View Street', 'Vancouver', 'Washington', 'user', '2006-02-24', '2026-04-13 11:16:13', 'https://robohash.org/voluptatemetdolor.png?size=50x50&set=set1'),
(20, 'dbinningj', 'Dun', 'Binning', '717-744-9895', 'Male', '68 Dapin Lane', 'Harrisburg', 'Pennsylvania', 'user', null, '2026-04-13 11:16:13', 'https://robohash.org/laborumimpeditomnis.png?size=50x50&set=set1'),
(21, 'kheadleyk', 'Karena', 'Headley', '520-528-3706', 'Female', '403 Trailsway Terrace', 'Tucson', 'Arizona', 'user', null, '2026-04-13 11:16:13', null),
(22, 'clogsdalel', 'Catarina', 'Logsdale', '202-564-3878', 'Female', '1 Rowland Point', 'Washington', 'District of Columbia', 'user', '1937-03-20', '2026-04-13 11:16:13', null),
(23, 'kdeenym', 'Kurt', 'Deeny', null, 'Male', '853 Graedel Hill', 'Jacksonville', 'Florida', 'user', '1935-03-25', '2026-04-13 11:16:13', 'https://robohash.org/consecteturvelsint.png?size=50x50&set=set1'),
(24, 'xivanyushkinn', 'Ximenez', 'Ivanyushkin', '214-806-0140', null, '37 Superior Parkway', 'Dallas', 'Texas', 'user', '1977-01-18', '2026-04-13 11:16:13', 'https://robohash.org/etdoloribusconsequatur.png?size=50x50&set=set1'),
(25, 'edollardo', 'Enrika', 'Dollard', '205-170-9929', 'Female', '69650 Knutson Trail', 'Birmingham', 'Alabama', 'user', '1999-09-29', '2026-04-13 11:16:13', null),
(26, 'cpauluschp', 'Cloris', 'Paulusch', null, 'Female', '5488 Mockingbird Alley', 'Pittsburgh', 'Pennsylvania', 'user', '1965-09-03', '2026-04-13 11:16:13', 'https://robohash.org/cumquoautem.png?size=50x50&set=set1'),
(27, 'nklimpkeq', 'Natty', 'Klimpke', '361-857-3691', null, '807 Blackbird Road', 'Corpus Christi', 'Texas', 'user', '1972-04-09', '2026-04-13 11:16:13', 'https://robohash.org/adconsequaturvoluptatum.png?size=50x50&set=set1'),
(28, 'lavelingr', 'Luce', 'Aveling', null, 'Male', '3 Lerdahl Circle', 'Columbus', 'Ohio', 'user', '1942-08-17', '2026-04-13 11:16:13', 'https://robohash.org/rerumrecusandaeeveniet.png?size=50x50&set=set1'),
(29, 'pfinderss', 'Pasquale', 'Finders', '954-813-9501', null, '949 Parkside Way', 'Orlando', 'Florida', 'user', '1991-11-09', '2026-04-13 11:16:13', 'https://robohash.org/quodundeveniam.png?size=50x50&set=set1'),
(30, 'ccrownshawt', 'Ches', 'Crownshaw', '804-351-0054', 'Male', '165 Merchant Center', 'Richmond', 'Virginia', 'user', '1932-12-27', '2026-04-13 11:16:13', 'https://robohash.org/quismolestiaerecusandae.png?size=50x50&set=set1'),
(31, 'roilleru', 'Ruby', 'Oiller', '757-996-7003', 'Female', '8171 Lukken Court', 'Norfolk', 'Virginia', 'user', '1959-07-06', '2026-04-13 11:16:13', null),
(32, 'jbluev', 'Judie', 'Blue', '386-623-2411', 'Genderqueer', '68110 Esker Junction', 'Daytona Beach', 'Florida', 'user', '1945-05-04', '2026-04-13 11:16:13', 'https://robohash.org/quidemsolutaaccusantium.png?size=50x50&set=set1'),
(33, 'vcrombleholmew', 'Vaughan', 'Crombleholme', '415-666-9076', null, '144 Declaration Trail', 'San Francisco', 'California', 'user', '1951-09-07', '2026-04-13 11:16:13', 'https://robohash.org/idquasexplicabo.png?size=50x50&set=set1'),
(34, 'aleeburnex', 'Aymer', 'Leeburne', '212-240-8259', 'Male', '790 Russell Center', 'New York City', 'New York', 'user', '1992-01-07', '2026-04-13 11:16:14', null),
(35, 'sdanilovy', 'Stevy', 'Danilov', '281-402-6655', 'Male', '75424 Dorton Way', 'Houston', 'Texas', 'user', '1951-03-25', '2026-04-13 11:16:14', null),
(36, 'gblabeyz', 'Gardiner', 'Blabey', '704-465-4285', null, '8 Luster Junction', 'Charlotte', 'North Carolina', 'user', '1950-11-18', '2026-04-13 11:16:14', 'https://robohash.org/utquiat.png?size=50x50&set=set1'),
(37, 'gharsum10', 'Gratiana', 'Harsum', '951-867-9728', 'Female', '841 Duke Alley', 'Corona', 'California', 'user', '1972-08-21', '2026-04-13 11:16:14', 'https://robohash.org/necessitatibusetporro.png?size=50x50&set=set1'),
(38, 'jlicquorish11', 'Jacqueline', 'Licquorish', '801-967-0092', 'Agender', '8561 Tomscot Park', 'Salt Lake City', 'Utah', 'user', '1951-02-01', '2026-04-13 11:16:14', 'https://robohash.org/velsedhic.png?size=50x50&set=set1'),
(39, 'fmapledorum12', 'Felic', 'Mapledorum', null, 'Male', '086 Mifflin Way', 'Minneapolis', 'Minnesota', 'user', '1990-02-06', '2026-04-13 11:16:14', 'https://robohash.org/suntplaceatet.png?size=50x50&set=set1'),
(40, 'nguyton13', 'Neill', 'Guyton', '405-854-3499', 'Male', '269 Elmside Center', 'Oklahoma City', 'Oklahoma', 'user', '1998-03-01', '2026-04-13 11:16:14', 'https://robohash.org/atquequiaut.png?size=50x50&set=set1'),
(41, 'mmintoff14', 'Mariellen', 'Mintoff', '719-274-6396', 'Genderqueer', '41 Bunting Junction', 'Colorado Springs', 'Colorado', 'user', '1985-04-18', '2026-04-13 11:16:14', null),
(42, 'qcregan15', 'Quintana', 'Cregan', '704-520-1370', 'Female', '712 Cascade Center', 'Charlotte', 'North Carolina', 'user', '1961-08-26', '2026-04-13 11:16:14', 'https://robohash.org/utiurehic.png?size=50x50&set=set1'),
(43, 'cbenmore16', 'Calida', 'Benmore', '239-256-5125', 'Female', '57864 Magdeline Center', 'Cape Coral', 'Florida', 'user', '1958-12-28', '2026-04-13 11:16:14', null),
(44, 'bmcorkil17', 'Boycey', 'McOrkil', '303-665-7759', null, '1 Melody Parkway', 'Littleton', 'Colorado', 'user', '1941-10-09', '2026-04-13 11:16:14', 'https://robohash.org/animieligendiautem.png?size=50x50&set=set1'),
(45, 'jhorburgh18', 'Juli', 'Horburgh', '636-395-4948', null, '6524 Meadow Ridge Alley', 'Saint Louis', 'Missouri', 'user', '2000-04-21', '2026-04-13 11:16:14', null),
(46, 'ghicklingbottom19', 'Giselle', 'Hicklingbottom', '239-672-1490', 'Female', '1 Alpine Street', 'Naples', 'Florida', 'user', '2004-03-07', '2026-04-13 11:16:14', 'https://robohash.org/laboresintnatus.png?size=50x50&set=set1'),
(47, 'acurness1a', 'Alyda', 'Curness', '320-999-0773', 'Female', '01402 Rusk Court', 'Saint Cloud', 'Minnesota', 'user', '1945-06-24', '2026-04-13 11:16:14', 'https://robohash.org/utconsequaturporro.png?size=50x50&set=set1'),
(48, 'rlines1b', 'Roddy', 'Lines', null, 'Male', '67 Maryland Plaza', 'Omaha', 'Nebraska', 'user', '1958-07-29', '2026-04-13 11:16:14', 'https://robohash.org/etipsasimilique.png?size=50x50&set=set1'),
(49, 'iwookey1c', 'Ida', 'Wookey', '712-692-8848', 'Female', '40238 Hoepker Street', 'Sioux City', 'Iowa', 'user', '2004-04-18', '2026-04-13 11:16:14', null),
(50, 'atallyn1d', 'Andi', 'Tallyn', '408-282-3414', 'Female', '7 Tennyson Junction', 'San Jose', 'California', 'user', '1960-12-03', '2026-04-13 11:16:14', 'https://robohash.org/etestaccusantium.png?size=50x50&set=set1'),
(51, 'hputtock1e', 'Hartley', 'Puttock', '352-574-3907', 'Male', '4182 Lakewood Center', 'Ocala', 'Florida', 'user', '1930-11-19', '2026-04-13 11:16:14', 'https://robohash.org/rerumlaboriosamfacere.png?size=50x50&set=set1'),
(52, 'dcoldman1f', 'Dana', 'Coldman', null, 'Female', '3381 Morning Hill', 'Jacksonville', 'Florida', 'user', '1997-08-15', '2026-04-13 11:16:14', 'https://robohash.org/aspernaturvelmolestiae.png?size=50x50&set=set1'),
(53, 'eovize1g', 'Elwin', 'Ovize', '757-805-8809', 'Male', '9 Hoard Place', 'Newport News', 'Virginia', 'user', '1942-03-21', '2026-04-13 11:16:14', 'https://robohash.org/recusandaeenimerror.png?size=50x50&set=set1'),
(54, 'ldunkley1h', 'Lura', 'Dunkley', '515-723-5289', 'Female', '04 Fisk Drive', 'Des Moines', 'Iowa', 'user', '1936-11-18', '2026-04-13 11:16:14', null),
(55, 'nolennane1i', 'Nadiya', 'O''Lennane', '904-931-0965', 'Female', '2164 Buell Junction', 'Jacksonville', 'Florida', 'user', '1999-06-17', '2026-04-13 11:16:14', 'https://robohash.org/solutaculpasunt.png?size=50x50&set=set1'),
(56, 'styndall1j', 'Sherwynd', 'Tyndall', '502-209-6791', 'Male', '7 Arrowood Circle', 'Louisville', 'Kentucky', 'user', '1957-06-29', '2026-04-13 11:16:14', 'https://robohash.org/quiaperiamquae.png?size=50x50&set=set1'),
(57, 'hrigmand1k', 'Hasty', 'Rigmand', '717-354-7477', 'Male', '2557 Briar Crest Place', 'Harrisburg', 'Pennsylvania', 'user', '1973-10-11', '2026-04-13 11:16:14', null),
(58, 'wgosker1l', 'Willie', 'Gosker', '918-477-2956', 'Genderqueer', '29687 Kropf Junction', 'Tulsa', 'Oklahoma', 'user', '2005-10-18', '2026-04-13 11:16:14', null),
(59, 'cjoslow1m', 'Cart', 'Joslow', null, null, '4919 Menomonie Hill', 'Flint', 'Michigan', 'user', '1977-10-12', '2026-04-13 11:16:14', null),
(60, 'mbyles1n', 'Miller', 'Byles', null, 'Male', '6803 Lakeland Junction', 'Cleveland', 'Ohio', 'user', '1979-03-18', '2026-04-13 11:16:14', 'https://robohash.org/ullameaquebeatae.png?size=50x50&set=set1'),
(61, 'fneubigin1o', 'Faun', 'Neubigin', '231-322-6185', 'Female', '30 Roth Terrace', 'Muskegon', 'Michigan', 'user', null, '2026-04-13 11:16:14', 'https://robohash.org/velitanimiet.png?size=50x50&set=set1'),
(62, 'aizen1p', 'Antonia', 'Izen', '212-583-1550', null, '0721 Hansons Hill', 'New York City', 'New York', 'user', '1949-05-15', '2026-04-13 11:16:14', null),
(63, 'dtremolieres1q', 'Daniella', 'Tremolieres', '772-188-3330', 'Female', '9734 Charing Cross Circle', 'Vero Beach', 'Florida', 'user', '1943-04-15', '2026-04-13 11:16:14', 'https://robohash.org/quocumquequod.png?size=50x50&set=set1'),
(64, 'bgilford1r', 'Bethina', 'Gilford', null, 'Bigender', '2350 Rigney Crossing', 'Los Angeles', 'California', 'user', '1999-07-17', '2026-04-13 11:16:14', 'https://robohash.org/estlaudantiumsed.png?size=50x50&set=set1'),
(65, 'jsuch1s', 'Jamaal', 'Such', null, 'Bigender', '6110 Bonner Center', 'Washington', 'District of Columbia', 'user', '1971-03-29', '2026-04-13 11:16:14', null),
(66, 'vquilty1t', 'Vaughn', 'Quilty', null, 'Male', '72 5th Point', 'Atlanta', 'Georgia', 'user', '1939-06-23', '2026-04-13 11:16:14', 'https://robohash.org/quipossimusvoluptate.png?size=50x50&set=set1'),
(67, 'econford1u', 'Erda', 'Conford', null, null, '2 Lunder Park', 'Northridge', 'California', 'user', '1969-03-08', '2026-04-13 11:16:14', 'https://robohash.org/exfugaquas.png?size=50x50&set=set1'),
(68, 'nlewens1v', 'Norrie', 'Lewens', '915-263-1303', 'Male', '46 Shasta Way', 'El Paso', 'Texas', 'user', '2003-01-31', '2026-04-13 11:16:14', null),
(69, 'bmichel1w', 'Bernadene', 'Michel', null, 'Female', '70 Huxley Crossing', 'Pittsburgh', 'Pennsylvania', 'user', '2003-06-24', '2026-04-13 11:16:14', null),
(70, 'vgorthy1x', 'Vera', 'Gorthy', null, 'Female', '9628 Buell Alley', 'Washington', 'District of Columbia', 'user', null, '2026-04-13 11:16:14', null),
(71, 'mroscamp1y', 'Murray', 'Roscamp', null, 'Male', '45 Springs Street', 'Salt Lake City', 'Utah', 'user', '1983-08-28', '2026-04-13 11:16:14', null),
(72, 'ablasik1z', 'Abbye', 'Blasik', null, 'Female', '43 Brickson Park Parkway', 'Shawnee Mission', 'Kansas', 'user', '1971-11-22', '2026-04-13 11:16:14', 'https://robohash.org/cumquequodomnis.png?size=50x50&set=set1'),
(73, 'dhuntriss20', 'Dianna', 'Huntriss', '212-250-1161', 'Female', '958 Messerschmidt Road', 'New York City', 'New York', 'user', '1970-12-03', '2026-04-13 11:16:14', null),
(74, 'jbickell21', 'Jyoti', 'Bickell', '503-597-6298', null, '49379 Spenser Alley', 'Portland', 'Oregon', 'user', null, '2026-04-13 11:16:14', 'https://robohash.org/reiciendisvoluptasiste.png?size=50x50&set=set1'),
(75, 'lodonohue22', 'Lindsay', 'O''Donohue', '912-822-0484', null, '72 Autumn Leaf Crossing', 'Savannah', 'Georgia', 'user', '1969-04-16', '2026-04-13 11:16:14', 'https://robohash.org/earummagnamaspernatur.png?size=50x50&set=set1'),
(76, 'jsolloway23', 'Jany', 'Solloway', '202-679-7660', null, '40377 Novick Place', 'Washington', 'District of Columbia', 'user', '1948-01-19', '2026-04-13 11:16:14', null),
(77, 'bgearing24', 'Bobbette', 'Gearing', '920-393-2620', 'Female', '7 Lunder Alley', 'Appleton', 'Wisconsin', 'user', null, '2026-04-13 11:16:14', 'https://robohash.org/ipsaprovidentmaiores.png?size=50x50&set=set1'),
(78, 'tplaister25', 'Thorsten', 'Plaister', null, 'Male', '742 Johnson Terrace', 'Seattle', 'Washington', 'user', null, '2026-04-13 11:16:14', null),
(79, 'jciobutaro26', 'Julia', 'Ciobutaro', '570-773-1991', 'Female', '8693 Melby Place', 'Scranton', 'Pennsylvania', 'user', '1982-10-04', '2026-04-13 11:16:14', 'https://robohash.org/architectoeaqueperspiciatis.png?size=50x50&set=set1'),
(80, 'carnaldi27', 'Cleopatra', 'Arnaldi', '801-546-7510', 'Female', '516 Maywood Pass', 'Salt Lake City', 'Utah', 'user', '2005-10-12', '2026-04-13 11:16:14', null),
(81, 'gdunbabin28', 'Gaspard', 'Dunbabin', '858-872-6885', 'Male', '0 Anderson Crossing', 'San Diego', 'California', 'user', '1987-12-02', '2026-04-13 11:16:14', 'https://robohash.org/beataeeoslaborum.png?size=50x50&set=set1'),
(82, 'apachta29', 'Ansley', 'Pachta', '801-489-6718', 'Female', '37238 Elgar Court', 'Salt Lake City', 'Utah', 'user', null, '2026-04-13 11:16:14', 'https://robohash.org/autematvel.png?size=50x50&set=set1'),
(83, 'jconahy2a', 'Joellen', 'Conahy', null, 'Female', '941 Nancy Lane', 'Columbus', 'Mississippi', 'user', '1930-06-17', '2026-04-13 11:16:14', null),
(84, 'ctaberer2b', 'Christabel', 'Taberer', '502-423-2124', 'Female', '55 Lukken Junction', 'Louisville', 'Kentucky', 'user', '2004-08-15', '2026-04-13 11:16:14', 'https://robohash.org/expeditaestmaxime.png?size=50x50&set=set1'),
(85, 'chrus2c', 'Carlen', 'Hrus', null, null, '55 Caliangt Crossing', 'Metairie', 'Louisiana', 'user', '1951-09-08', '2026-04-13 11:16:14', null),
(86, 'cwyness2d', 'Curran', 'Wyness', '914-663-3752', 'Male', '8 Darwin Center', 'Yonkers', 'New York', 'user', '2003-06-29', '2026-04-13 11:16:14', null),
(87, 'qantoniak2e', 'Quintina', 'Antoniak', null, null, '1 Kinsman Avenue', 'Washington', 'District of Columbia', 'user', '1976-12-31', '2026-04-13 11:16:14', null),
(88, 'jshetliff2f', 'Josy', 'Shetliff', '407-910-4932', null, '1049 Mosinee Court', 'Orlando', 'Florida', 'user', '1937-03-31', '2026-04-13 11:16:14', 'https://robohash.org/inquidemvoluptate.png?size=50x50&set=set1'),
(89, 'hmundee2g', 'Helen', 'Mundee', '646-702-9901', null, '875 Warbler Lane', 'New York City', 'New York', 'user', '1997-02-12', '2026-04-13 11:16:14', 'https://robohash.org/sunteiuslibero.png?size=50x50&set=set1'),
(90, 'ebenka2h', 'Eachelle', 'Benka', null, 'Female', '3 Haas Circle', 'Lake Worth', 'Florida', 'user', null, '2026-04-13 11:16:14', 'https://robohash.org/autquiomnis.png?size=50x50&set=set1');

-- category
INSERT INTO category (category_id, name) 
Values 
(1, 'Folklore'),
(2, 'Retro Nostalgia'),
(3, 'Sneakers'),
(4, 'Medieval Fantasy'),
(5, 'Zodiac Signs'),
(6, 'Architecture'),
(7, 'Mascot Characters'),
(8, 'Music & Bands'),
(9, 'Botany'),
(10, 'Historical Figures'),
(11, 'Video Games'),
(12, 'Beverages'),
(13, 'Designer Toys'),
(14, 'Kawaii'),
(15, 'Superheroes'),
(16, 'Anime'),
(17, 'European Architecture'),
(18, 'Urban Vinyl'),
(19, 'Space Exploration'),
(20, 'Asian Architecture'),
(21, 'School Mascot Characters'),
(22, '2000s Nostalgia'),
(23, 'Steampunk'),
(24, 'Sci-Fi'),
(25, 'Horror'),
(26, 'Cats'),
(27, 'Miscellaneous'),
(28, 'Food'),
(29, 'Dogs'),
(30, 'Pin-Up'),
(31, 'Ocean Life'),
(32, 'Space'),
(33, 'Classic Board Games'),
(34, '90s Nostalgia'),
(35, '50s Nostalgia');

-- artist
INSERT INTO artist (artist_id, is_verified) 
Values 
(1, false),
(2, true),
(3, true),
(4, false),
(5, true),
(6, true),
(7, true),
(8, true),
(9, true),
(10, false),
(11, true),
(12, false),
(13, true),
(14, false),
(15, false),
(16, true),
(17, true),
(18, true),
(19, true),
(20, false),
(21, true),
(22, true),
(23, true),
(24, true),
(25, false),
(26, true),
(27, false),
(28, true),
(29, false),
(30, false),
(31, true),
(32, true),
(33, true),
(34, false),
(35, false),
(36, false),
(37, true),
(38, false),
(39, false),
(40, true),
(41, true),
(42, true),
(43, true),
(44, false),
(45, true),
(46, true),
(47, true),
(48, true),
(49, false),
(50, false),
(51, false),
(52, true),
(53, true),
(54, true),
(55, true),
(56, true),
(57, true),
(58, false),
(59, false),
(60, false);

-- item
INSERT INTO item (item_id, name, description, size, image_link, artist_id, category_id) 
Values 
(1, 'Super Villains', 'In hac habitasse platea dictumst. Etiam faucibus cursus urna. Ut tellus.', 'S', 'http://dummyimage.com/196x100.png/ff4444/ffffff', 14, 7),
(2, 'Circus Circus', null, 'L', 'http://dummyimage.com/170x100.png/cc0000/ffffff', 34, 15),
(3, 'Enchanted Forest', 'Vestibulum ac est lacinia nisi venenatis tristique. Fusce congue, diam id ornare imperdiet, sapien urna pretium nisl, ut volutpat sapien arcu sed augue. Aliquam erat volutpat.', 'L', 'http://dummyimage.com/148x100.png/cc0000/ffffff', 34, 2),
(4, 'Artistic Masterpieces', null, 'M', 'http://dummyimage.com/235x100.png/5fa2dd/ffffff', 6, 18),
(5, 'Cyberpunk City', 'In hac habitasse platea dictumst. Etiam faucibus cursus urna. Ut tellus.', 'L', 'http://dummyimage.com/225x100.png/5fa2dd/ffffff', 3, 25),
(6, 'Mythical Creatures', 'Duis bibendum. Morbi non quam nec dui luctus rutrum. Nulla tellus.', 'M', 'http://dummyimage.com/240x100.png/dddddd/000000', 58, 4),
(7, 'Tech Gadgets', 'Duis bibendum, felis sed interdum venenatis, turpis enim blandit mi, in porttitor pede justo eu massa. Donec dapibus. Duis at velit eu est congue elementum.', 'S', 'http://dummyimage.com/191x100.png/dddddd/000000', 6, 24),
(8, 'Foodie Fun', 'Phasellus in felis. Donec semper sapien a libero. Nam dui.', 'M', 'http://dummyimage.com/204x100.png/dddddd/000000', 53, 1),
(9, 'Zombie Apocalypse', 'Duis consequat dui nec nisi volutpat eleifend. Donec ut dolor. Morbi vel lectus in quam fringilla rhoncus.', 'S', 'http://dummyimage.com/241x100.png/cc0000/ffffff', 48, 8),
(10, 'Ancient Egypt', 'Cras non velit nec nisi vulputate nonummy. Maecenas tincidunt lacus at velit. Vivamus vel nulla eget eros elementum pellentesque.', 'L', 'http://dummyimage.com/189x100.png/cc0000/ffffff', 22, 24),
(11, 'Pirate Adventure', 'Suspendisse potenti. In eleifend quam a odio. In hac habitasse platea dictumst.', 'S', 'http://dummyimage.com/216x100.png/ff4444/ffffff', 19, 35),
(12, 'Magic Potions', 'Pellentesque at nulla. Suspendisse potenti. Cras in purus eu magna vulputate luctus.', 'M', 'http://dummyimage.com/120x100.png/dddddd/000000', 58, 3),
(13, 'Dinosaur Discovery', 'In congue. Etiam justo. Etiam pretium iaculis justo.', 'M', 'http://dummyimage.com/134x100.png/cc0000/ffffff', 35, 14),
(14, 'Wild West Saloon', 'Quisque porta volutpat erat. Quisque erat eros, viverra eget, congue eget, semper rutrum, nulla. Nunc purus.', 'L', 'http://dummyimage.com/129x100.png/cc0000/ffffff', 52, 10),
(15, 'Dinosaur Discovery', 'Maecenas ut massa quis augue luctus tincidunt. Nulla mollis molestie lorem. Quisque ut erat.', 'L', 'http://dummyimage.com/168x100.png/dddddd/000000', 31, 33),
(16, 'Ancient Egypt', 'Integer ac leo. Pellentesque ultrices mattis odio. Donec vitae nisi.', 'S', 'http://dummyimage.com/151x100.png/cc0000/ffffff', 11, 1),
(17, 'Robot Revolution', 'Aliquam quis turpis eget elit sodales scelerisque. Mauris sit amet eros. Suspendisse accumsan tortor quis turpis.', 'S', 'http://dummyimage.com/250x100.png/5fa2dd/ffffff', 5, 23),
(18, 'Medieval Knights', 'Mauris enim leo, rhoncus sed, vestibulum sit amet, cursus id, turpis. Integer aliquet, massa id lobortis convallis, tortor risus dapibus augue, vel accumsan tellus nisi eu orci. Mauris lacinia sapien quis libero.', 'S', 'http://dummyimage.com/158x100.png/dddddd/000000', 47, 32),
(19, 'Haunted Mansion', 'Lorem ipsum dolor sit amet, consectetuer adipiscing elit. Proin risus. Praesent lectus.', 'M', 'http://dummyimage.com/120x100.png/5fa2dd/ffffff', 29, 11),
(20, 'Time Travelers', 'Duis bibendum, felis sed interdum venenatis, turpis enim blandit mi, in porttitor pede justo eu massa. Donec dapibus. Duis at velit eu est congue elementum.', 'L', 'http://dummyimage.com/122x100.png/dddddd/000000', 6, 35),
(21, 'Tech Gadgets', 'Quisque id justo sit amet sapien dignissim vestibulum. Vestibulum ante ipsum primis in faucibus orci luctus et ultrices posuere cubilia Curae; Nulla dapibus dolor vel est. Donec odio justo, sollicitudin ut, suscipit a, feugiat et, eros.', 'S', 'http://dummyimage.com/159x100.png/ff4444/ffffff', 41, 30),
(22, 'Pirate''s Cove', 'Lorem ipsum dolor sit amet, consectetuer adipiscing elit. Proin risus. Praesent lectus.', 'S', 'http://dummyimage.com/250x100.png/cc0000/ffffff', 36, 1),
(23, 'Fairy Tale Castle', 'Morbi porttitor lorem id ligula. Suspendisse ornare consequat lectus. In est risus, auctor sed, tristique in, tempus sit amet, sem.', 'M', 'http://dummyimage.com/168x100.png/dddddd/000000', 46, 22),
(24, 'Musical Melodies', 'Lorem ipsum dolor sit amet, consectetuer adipiscing elit. Proin risus. Praesent lectus.', 'M', 'http://dummyimage.com/173x100.png/ff4444/ffffff', 26, 21),
(25, 'Pirate Adventure', 'Curabitur gravida nisi at nibh. In hac habitasse platea dictumst. Aliquam augue quam, sollicitudin vitae, consectetuer eget, rutrum at, lorem.', 'M', 'http://dummyimage.com/101x100.png/ff4444/ffffff', 32, 25),
(26, 'Steampunk Workshop', 'Proin interdum mauris non ligula pellentesque ultrices. Phasellus id sapien in sapien iaculis congue. Vivamus metus arcu, adipiscing molestie, hendrerit at, vulputate vitae, nisl.', 'M', 'http://dummyimage.com/124x100.png/ff4444/ffffff', 10, 20),
(27, 'Magical Unicorn', 'Fusce posuere felis sed lacus. Morbi sem mauris, laoreet ut, rhoncus aliquet, pulvinar sed, nisl. Nunc rhoncus dui vel sem.', 'L', 'http://dummyimage.com/182x100.png/dddddd/000000', 12, 11),
(28, 'Fairy Tale Castle', 'Proin leo odio, porttitor id, consequat in, consequat ut, nulla. Sed accumsan felis. Ut at dolor quis odio consequat varius.', 'S', 'http://dummyimage.com/231x100.png/cc0000/ffffff', 25, 22),
(29, 'Pirate''s Cove', 'Sed sagittis. Nam congue, risus semper porta volutpat, quam pede lobortis ligula, sit amet eleifend pede libero quis orci. Nullam molestie nibh in lectus.', 'S', 'http://dummyimage.com/106x100.png/5fa2dd/ffffff', 9, 11),
(30, 'Circus Circus', 'Fusce posuere felis sed lacus. Morbi sem mauris, laoreet ut, rhoncus aliquet, pulvinar sed, nisl. Nunc rhoncus dui vel sem.', 'M', 'http://dummyimage.com/211x100.png/cc0000/ffffff', 45, 25),
(31, 'Tech Gadgets', null, 'M', 'http://dummyimage.com/201x100.png/cc0000/ffffff', 4, 34),
(32, 'Toy Box Treasures', 'Nullam sit amet turpis elementum ligula vehicula consequat. Morbi a ipsum. Integer a nibh.', 'S', 'http://dummyimage.com/173x100.png/5fa2dd/ffffff', 57, 4),
(33, 'Pirate Adventure', 'In congue. Etiam justo. Etiam pretium iaculis justo.', 'L', 'http://dummyimage.com/159x100.png/ff4444/ffffff', 50, 25),
(34, 'Jurassic Dino World', 'Proin leo odio, porttitor id, consequat in, consequat ut, nulla. Sed accumsan felis. Ut at dolor quis odio consequat varius.', 'L', 'http://dummyimage.com/140x100.png/ff4444/ffffff', 59, 26),
(35, 'Mythical Creatures', 'Etiam vel augue. Vestibulum rutrum rutrum neque. Aenean auctor gravida sem.', 'S', 'http://dummyimage.com/218x100.png/cc0000/ffffff', 38, 19);

-- variants
INSERT INTO variants (item_id, name, pull_rate) 
Values 
(20, 'Green large fairy', 0.38),
(28, 'Blue medium dragon', 0.51),
(10, 'Yellow extra large mermaid', 0.19),
(18, 'Purple tiny gnome', 0.31),
(32, 'Red large fairy', 0.27),
(35, 'Blue extra large mermaid', 0.11),
(1, 'Purple large fairy', 0.27),
(6, 'Yellow large fairy', 0.45),
(22, 'Red large fairy', 0.71),
(31, 'Red small unicorn', 0.74),
(21, 'Green medium dragon', 0.03),
(9, 'Blue large fairy', 0.08),
(23, 'Orange large fairy', 0.12),
(32, 'Pink large fairy', 0.86),
(6, 'Blue small unicorn', 0.38),
(33, 'Yellow extra large mermaid', 0.61),
(32, 'Yellow small unicorn', 0.78),
(11, 'Purple extra large mermaid', 0.07),
(26, 'Green extra large mermaid', 0.26),
(6, 'Red large fairy', 0.82),
(27, 'Purple tiny gnome', 0.98),
(9, 'Teal large fairy', 0.67),
(34, 'Silver large fairy', 0.86),
(11, 'Purple medium dragon', 0.1),
(35, 'Pink extra large mermaid', 0.11),
(2, 'Blue extra large mermaid', 0.36),
(20, 'Red medium dragon', 0.53),
(35, 'Green tiny gnome', 0.47),
(4, 'Purple tiny gnome', 0.97),
(23, 'Orange tiny gnome', 0.83),
(15, 'Red extra large mermaid', 0.78),
(35, 'Teal extra large mermaid', 0.96),
(13, 'Yellow extra large mermaid', 0.95),
(25, 'Green small unicorn', 0.45),
(22, 'Blue tiny gnome', 0.74),
(4, 'Yellow medium dragon', 0.67),
(9, 'Pink extra large mermaid', 0.16),
(14, 'Red tiny gnome', 0.74),
(30, 'Blue medium dragon', 0.89),
(7, 'Teal large fairy', 0.4),
(26, 'Orange large fairy', 0.23),
(32, 'Silver tiny gnome', 0.31),
(25, 'Blue small unicorn', 0.51),
(3, 'Green extra large mermaid', 0.3),
(17, 'Purple small unicorn', 0.94),
(6, 'Green medium dragon', 0.92),
(31, 'Orange extra large mermaid', 0.07),
(31, 'Teal large fairy', 0.82),
(31, 'Pink large fairy', 0.9),
(30, 'Orange tiny gnome', 0.98),
(28, 'Silver large fairy', 0.34),
(10, 'Red small unicorn', 0.31),
(27, 'Yellow small unicorn', 0.91),
(5, 'Blue small unicorn', 0.78),
(12, 'Orange large fairy', 0.69),
(13, 'Green small unicorn', 0.7),
(32, 'Pink tiny gnome', 0.03),
(17, 'Teal extra large mermaid', 0.96),
(4, 'Silver medium dragon', 0.03),
(15, 'Purple extra large mermaid', 0.65);

-- listing
INSERT INTO listing (listing_id, title, quantity, price, status, post_time, item_id, artist_id) 
Values 
(1, 'Sci-Fi Robot Model', 9, 342.03, 'active', '2026-04-13 12:17:37', 35, 25),
(2, 'Vintage Porcelain Doll', 46, 93.06, 'active', '2026-04-13 12:17:37', 3, 28),
(3, 'Miniature Samurai Warrior Figurine', 99, 767.45, 'active', '2026-04-13 12:17:37', 25, 52),
(4, 'Gothic Gargoyle Figurine', 25, 997.82, 'pending', '2026-04-13 12:17:37', 17, 4),
(5, 'Sci-Fi Robot Model', 87, 296.86, 'active', '2026-04-13 12:17:37', 4, 39),
(6, 'Animal Sculpture Collection', 92, 687.89, 'active', '2026-04-13 12:17:37', 3, 28),
(7, 'Fairy Garden Figurine Set', 12, 16.22, 'active', '2026-04-13 12:17:37', 32, 30),
(8, 'Fairy Garden Figurine Set', 122, 769.14, 'active', '2026-04-13 12:17:37', 18, 1),
(9, 'Superhero Action Figure', 86, 60.92, 'pending', '2026-04-13 12:17:37', 10, 54),
(10, 'Animal Sculpture Collection', 28, 122.64, 'active', '2026-04-13 12:17:37', 31, 27),
(11, 'Mythical Creature Statue', 35, 863.77, 'rejected', '2026-04-13 12:17:37', 32, 30),
(12, 'Sci-Fi Robot Model', 81, 818.32, 'pending', '2026-04-13 12:17:37', 17, 4),
(13, 'Animal Sculpture Collection', 14, 330.98, 'flagged', '2026-04-13 12:17:37', 25, 52),
(14, 'Fairy Garden Figurine Set', 46, 202.98, 'pending', '2026-04-13 12:17:37', 3, 28),
(15, 'Miniature Samurai Warrior Figurine', 34, 701.83, 'archive', '2026-04-13 12:17:37', 29, 44),
(16, 'Gothic Gargoyle Figurine', 115, 37.41, 'archive', '2026-04-13 12:17:37', 28, 58),
(17, 'Vintage Porcelain Doll', 40, 914.38, 'rejected', '2026-04-13 12:17:37', 28, 58),
(18, 'Gothic Gargoyle Figurine', 96, 327.56, 'archive', '2026-04-13 12:17:37', 7, 40),
(19, 'Mystical Dragon Figurine', 74, 454.41, 'active', '2026-04-13 12:17:37', 16, 45),
(20, 'Gothic Gargoyle Figurine', 57, 226.8, 'active', '2026-04-13 12:17:37', 13, 37),
(21, 'Animal Sculpture Collection', 14, 61.31, 'active', '2026-04-13 12:17:37', 17, 4),
(22, 'Animal Sculpture Collection', 52, 979.34, 'rejected', '2026-04-13 12:17:37', 25, 52),
(23, 'Mythical Creature Statue', 1, 925.04, 'pending', '2026-04-13 12:17:37', 3, 28),
(24, 'Mystical Dragon Figurine', 29, 625.39, 'archive', '2026-04-13 12:17:37', 29, 44),
(25, 'Sci-Fi Robot Model', 107, 495.65, 'active', '2026-04-13 12:17:37', 19, 45),
(26, 'Miniature Samurai Warrior Figurine', 43, 885.94, 'flagged', '2026-04-13 12:17:37', 34, 6),
(27, 'Animal Sculpture Collection', 58, 818.54, 'active', '2026-04-13 12:17:37', 8, 16),
(28, 'Mystical Dragon Figurine', 139, 248.39, 'archive', '2026-04-13 12:17:37', 31, 27),
(29, 'Medieval Knight Bust', 116, 171.49, 'active', '2026-04-13 12:17:37', 22, 31),
(30, 'Miniature Samurai Warrior Figurine', 99, 862.36, 'archive', '2026-04-13 12:17:37', 29, 44),
(31, 'Mythical Creature Statue', 71, 351.78, 'active', '2026-04-13 12:17:37', 30, 43),
(32, 'Gothic Gargoyle Figurine', 149, 268.87, 'pending', '2026-04-13 12:17:37', 7, 40),
(33, 'Superhero Action Figure', 125, 47.46, 'active', '2026-04-13 12:17:37', 7, 40),
(34, 'Miniature Samurai Warrior Figurine', 142, 202.36, 'pending', '2026-04-13 12:17:37', 30, 43),
(35, 'Fairy Garden Figurine Set', 23, 601.9, 'archive', '2026-04-13 12:17:37', 26, 8);

-- order
INSERT INTO `order` (order_id, order_time, status, buyer_id) 
Values 
(1, '2026-04-14 17:55:51', 'purchased', 70),
(2, '2026-04-14 17:55:51', 'in cart', 86),
(3, '2026-04-14 17:55:51', 'purchased', 8),
(4, '2026-04-14 17:55:51', 'in cart', 77),
(5, '2026-04-14 17:55:51', 'in cart', 51),
(6, '2026-04-14 17:55:51', 'in cart', 20),
(7, '2026-04-14 17:55:51', 'purchased', 66),
(8, '2026-04-14 17:55:51', 'in cart', 78),
(9, '2026-04-14 17:55:51', 'purchased', 61),
(10, '2026-04-14 17:55:51', 'processing', 6),
(11, '2026-04-14 17:55:51', 'shipped', 40),
(12, '2026-04-14 17:55:51', 'processing', 45),
(13, '2026-04-14 17:55:51', 'in cart', 5),
(14, '2026-04-14 17:55:51', 'purchased', 29),
(15, '2026-04-14 17:55:51', 'shipped', 42),
(16, '2026-04-14 17:55:51', 'in cart', 34),
(17, '2026-04-14 17:55:51', 'purchased', 5),
(18, '2026-04-14 17:55:51', 'shipped', 62),
(19, '2026-04-14 17:55:51', 'shipped', 11),
(20, '2026-04-14 17:55:51', 'in cart', 85),
(21, '2026-04-14 17:55:51', 'purchased', 14),
(22, '2026-04-14 17:55:51', 'purchased', 90),
(23, '2026-04-14 17:55:51', 'in cart', 70),
(24, '2026-04-14 17:55:51', 'purchased', 72),
(25, '2026-04-14 17:55:51', 'in cart', 77),
(26, '2026-04-14 17:55:51', 'in cart', 41),
(27, '2026-04-14 17:55:51', 'processing', 42),
(28, '2026-04-14 17:55:51', 'processing', 5),
(29, '2026-04-14 17:55:51', 'shipped', 14),
(30, '2026-04-14 17:55:51', 'in cart', 53),
(31, '2026-04-14 17:55:51', 'in cart', 61),
(32, '2026-04-14 17:55:51', 'purchased', 12),
(33, '2026-04-14 17:55:51', 'shipped', 3),
(34, '2026-04-14 17:55:51', 'purchased', 9),
(35, '2026-04-14 17:55:51', 'processing', 68);

-- order_items
INSERT INTO order_items (order_item_id, quantity, price_at_purchase, order_id, listing_id) 
Values 
(1, 2, 60.65, 31, 7),
(2, 9, 63.29, 33, 20),
(3, 5, 19.66, 25, 25),
(4, 1, 79.75, 11, 2),
(5, 8, 1.42, 1, 26),
(6, 10, 84.39, 5, 30),
(7, 5, 37.02, 33, 21),
(8, 7, 63.28, 15, 33),
(9, 6, 5.95, 2, 35),
(10, 9, 95.78, 13, 23),
(11, 5, 51.11, 20, 3),
(12, 10, 87.33, 29, 5),
(13, 10, 47.43, 8, 3),
(14, 3, 99.15, 27, 29),
(15, 10, 8.96, 7, 18),
(16, 6, 75.54, 19, 26),
(17, 1, 2.53, 23, 21),
(18, 5, 27.89, 3, 9),
(19, 5, 79.36, 19, 5),
(20, 7, 58.57, 12, 24),
(21, 4, 84.42, 13, 11),
(22, 8, 46.89, 25, 24),
(23, 3, 26.43, 18, 10),
(24, 8, 11.61, 24, 25),
(25, 7, 19.06, 18, 29),
(26, 3, 29.27, 33, 17),
(27, 5, 32.81, 30, 7),
(28, 9, 47.03, 15, 19),
(29, 3, 79.78, 28, 25),
(30, 10, 73.8, 10, 17),
(31, 8, 7.76, 32, 3),
(32, 6, 50.16, 17, 24),
(33, 1, 88.37, 6, 17),
(34, 5, 26.54, 3, 31),
(35, 3, 69.47, 26, 4);

-- likes
INSERT INTO likes (user_id, listing_id, liked_at) 
VALUES
(2, 1, '2025-10-28 01:11:54'),
(4, 2, '2025-07-24 00:04:49'),
(6, 3, '2026-01-31 19:30:43'),
(8, 4, '2026-01-21 21:26:43'),
(10, 5, '2025-09-05 01:08:54'),
(12, 6, '2025-06-01 05:21:17'),
(14, 7, '2026-02-22 17:44:57'),
(16, 8, '2026-02-07 04:52:18'),
(18, 9, '2025-11-08 04:01:50'),
(20, 10, '2025-09-26 19:33:44'),
(22, 11, '2025-09-15 05:35:08'),
(24, 12, '2025-12-23 12:54:48'),
(26, 13, '2025-10-10 22:23:12'),
(28, 14, '2026-01-27 11:50:59'),
(30, 15, '2025-09-06 20:01:40'),
(32, 16, '2025-07-02 10:43:48'),
(34, 17, '2025-06-05 22:05:18'),
(36, 18, '2025-04-30 01:57:49'),
(38, 19, '2025-06-23 12:39:13'),
(40, 20, '2025-08-18 01:57:58'),
(42, 21, '2026-02-04 23:10:23'),
(44, 22, '2026-03-16 23:25:37'),
(46, 23, '2025-07-19 04:54:10'),
(48, 24, '2025-08-28 14:55:15'),
(50, 25, '2025-12-27 02:46:18'),
(52, 26, '2025-07-20 22:46:51'),
(54, 27, '2025-05-03 12:14:37'),
(56, 28, '2025-09-12 12:29:29'),
(58, 29, '2026-03-20 17:22:37'),
(60, 30, '2025-12-30 06:38:47'),
(62, 31, '2026-01-02 13:16:53'),
(64, 32, '2025-10-21 21:57:46'),
(66, 33, '2025-08-21 05:00:43'),
(68, 34, '2025-06-12 05:11:08'),
(70, 35, '2025-05-07 17:57:04'),
(1, 1, '2026-01-06 15:52:46'),
(3, 2, '2026-02-20 15:32:38'),
(5, 3, '2025-10-24 01:58:42'),
(7, 4, '2026-04-03 03:12:38'),
(9, 5, '2025-12-12 00:22:17'),
(11, 6, '2025-12-07 10:40:46'),
(13, 7, '2025-08-28 13:37:05'),
(15, 8, '2025-11-14 01:55:43'),
(17, 9, '2025-07-02 15:47:56'),
(19, 10, '2025-10-21 06:53:20'),
(21, 11, '2025-05-23 13:57:27'),
(23, 12, '2025-09-04 21:37:02'),
(25, 13, '2025-10-03 14:05:45'),
(27, 14, '2025-08-22 01:54:15'),
(29, 15, '2025-06-26 20:41:51'),
(31, 16, '2025-09-21 17:59:04'),
(33, 17, '2025-07-06 13:50:13'),
(35, 18, '2026-01-02 05:03:51'),
(37, 19, '2025-12-07 12:49:54'),
(39, 20, '2026-04-13 23:45:52'),
(41, 21, '2025-08-11 20:24:48'),
(43, 22, '2025-12-22 18:27:20'),
(45, 23, '2025-11-12 00:14:49'),
(47, 24, '2025-06-27 15:17:36'),
(49, 25, '2025-10-24 05:45:29'),
(51, 26, '2025-07-20 23:51:35'),
(53, 27, '2026-01-15 00:29:09'),
(55, 28, '2026-04-11 21:08:04'),
(57, 29, '2026-03-24 05:12:42'),
(59, 30, '2026-03-15 16:15:47'),
(61, 31, '2025-08-24 02:39:18'),
(63, 32, '2026-03-24 23:21:03'),
(65, 33, '2026-01-03 06:29:30'),
(67, 34, '2025-09-08 01:51:08'),
(69, 35, '2026-03-20 17:53:15'),
(71, 1, '2025-05-17 17:03:21'),
(73, 2, '2026-03-21 03:14:04'),
(75, 3, '2025-09-28 09:14:14'),
(77, 4, '2026-01-15 20:49:23'),
(79, 5, '2025-05-26 09:24:50'),
(81, 6, '2025-06-30 09:29:58'),
(83, 7, '2025-05-30 04:30:08'),
(85, 8, '2026-03-18 16:49:02'),
(87, 9, '2025-11-02 09:24:30'),
(89, 10, '2025-11-27 18:56:53'),
(72, 11, '2025-05-25 05:14:32'),
(74, 12, '2026-04-02 08:45:08'),
(76, 13, '2026-02-14 20:42:15'),
(78, 14, '2025-05-19 04:29:32'),
(80, 15, '2025-12-29 11:01:36'),
(82, 16, '2026-03-04 02:20:09'),
(84, 17, '2025-12-20 21:15:44'),
(86, 18, '2026-01-22 05:03:04'),
(88, 19, '2025-12-06 06:09:19'),
(90, 20, '2025-08-10 17:46:59');

-- user_session
INSERT INTO user_session (session_id, pages_viewed, login_time, logout_time, user_id) 
VALUES
(1, 34, '2026-01-04 09:48:31', '2026-01-26 07:42:48', 2),
(3, 87, '2025-11-03 10:08:22', '2025-11-16 20:10:46', 4),
(5, 23, '2026-01-10 18:59:52', '2025-05-24 12:18:12', 6),
(7, 70, '2026-01-26 01:42:44', '2026-03-16 10:19:26', 8),
(9, 39, '2025-08-27 00:14:39', '2025-08-30 00:44:46', 10),
(11, 59, '2025-06-23 22:38:42', '2026-03-29 11:53:06', 12),
(13, 58, '2026-03-23 03:07:00', '2026-04-03 13:26:59', 14),
(15, 11, '2025-12-14 22:43:47', '2025-09-30 10:08:46', 16),
(17, 96, '2025-12-09 02:19:28', '2025-10-16 08:05:30', 18),
(19, 62, '2025-06-10 17:25:06', '2026-03-02 17:47:33', 20),
(21, 87, '2026-03-19 19:47:18', '2025-07-13 00:27:17', 22),
(23, 54, '2025-08-26 23:42:27', '2025-07-06 21:47:42', 24),
(25, 67, '2025-05-21 18:33:59', '2025-11-15 17:26:48', 26),
(27, 56, '2025-08-29 14:04:07', '2025-06-05 23:06:13', 28),
(29, 47, '2025-10-10 08:55:09', '2025-05-20 10:13:04', 30),
(31, 85, '2025-09-11 16:57:15', '2025-08-26 11:11:09', 32),
(33, 41, '2026-04-06 16:42:36', '2026-02-13 11:07:07', 34),
(35, 62, '2025-09-11 21:16:37', '2025-10-31 22:25:04', 36),
(37, 81, '2025-08-31 21:58:14', '2025-10-23 09:00:20', 38),
(39, 11, '2025-12-24 10:37:06', '2025-09-08 15:35:51', 40),
(41, 55, '2025-04-24 23:54:40', '2025-09-11 02:08:03', 42),
(43, 7, '2025-12-17 11:42:13', '2025-12-06 00:54:11', 44),
(45, 58, '2025-04-28 01:24:06', '2025-08-08 23:45:52', 46),
(47, 63, '2026-03-06 11:14:38', '2025-09-26 20:40:54', 48),
(49, 27, '2026-01-21 14:15:22', '2025-10-26 13:54:58', 50),
(51, 7, '2025-07-18 13:25:54', '2025-10-21 06:10:02', 52),
(53, 38, '2025-07-09 12:55:30', '2026-02-24 11:45:12', 54),
(55, 45, '2026-01-15 13:16:30', '2025-05-10 14:42:16', 56),
(57, 78, '2025-05-25 18:40:02', '2025-08-28 00:27:14', 58),
(59, 59, '2025-08-17 01:55:50', '2025-10-04 23:34:19', 60),
(61, 36, '2025-11-21 09:13:48', '2025-04-27 19:11:57', 62),
(63, 80, '2025-06-13 12:53:30', '2025-10-01 13:17:42', 64),
(65, 54, '2025-12-21 07:45:24', '2026-01-27 03:32:26', 66),
(67, 12, '2026-01-02 09:25:39', '2026-02-04 19:03:25', 68),
(69, 92, '2025-06-16 20:30:19', '2025-07-31 11:48:51', 70);

-- user_activity
INSERT INTO user_activity (activity_id, activity_type, search_term, created_at, user_id, listing_id) 
VALUES
(71, 'purchase', 'small batch', '2025-05-30 20:22:43', 2, 1),
(73, 'purchase', 'series', '2026-03-28 12:35:13', 4, 2),
(75, 'view', NULL, '2025-07-08 14:17:04', 6, 3),
(77, 'purchase', 'wood', '2025-07-16 09:18:29', 8, 4),
(79, 'purchase', NULL, '2025-06-16 00:28:30', 10, 5),
(81, 'search', 'woman artist', '2025-08-27 18:43:33', 12, 6),
(83, 'view', 'fairytale', '2025-05-30 08:21:18', 14, 7),
(85, 'view', 'sculpted', '2026-02-03 00:13:07', 16, 8),
(87, 'view', 'mythology', '2025-08-27 04:58:38', 18, 9),
(89, 'search', 'witchy', '2025-07-09 22:12:40', 20, NULL),
(90, 'like', 'wave 2', '2025-08-07 14:15:42', 22, 11),
(92, 'like', 'Austin', '2025-09-27 06:38:44', 24, 12),
(94, 'like', 'retro', '2025-04-22 02:26:45', 26, 13),
(96, 'purchase', 'glazed', '2026-01-13 18:22:42', 28, 14),
(98, 'purchase', 'strange', '2025-06-12 09:01:39', 30, 15),
(100, 'like', NULL, '2025-11-25 17:12:40', 32, 16),
(102, 'like', NULL, '2025-10-08 08:48:55', 34, 17),
(104, 'like', 'tiny', '2025-12-28 10:37:26', 36, 18),
(106, 'like', 'limited edition', '2025-11-25 04:49:50', 38, 19),
(108, 'view', 'tide pool', '2025-06-22 04:40:02', 40, 20),
(110, 'view', 'mystery', '2025-06-10 11:55:51', 42, 21),
(112, 'like', 'witchy', '2025-04-17 13:04:42', 44, 22),
(114, 'like', 'paper', '2025-11-15 18:00:34', 46, 23),
(116, 'view', 'punk', '2025-06-25 04:08:45', 48, 24),
(118, 'search', 'tide pool', '2025-05-21 14:07:06', 50, 25),
(120, 'purchase', 'dreamlike', '2025-04-24 22:05:48', 52, 26),
(122, 'search', 'city', '2025-07-08 16:16:44', 54, 27),
(124, 'like', 'skull', '2025-11-08 09:47:06', 56, 28),
(126, 'view', 'industrial', '2025-10-22 16:03:57', 58, 29),
(128, 'like', NULL, '2025-09-16 21:29:42', 60, NULL),
(129, 'like', 'local art', '2026-03-13 15:55:57', 62, 30),
(131, 'like', 'witchy', '2025-06-07 17:15:23', 64, 31),
(133, 'search', 'secondhand', '2026-02-14 08:17:31', 66, 32),
(135, 'search', 'rare', '2025-07-22 06:53:52', 68, 33),
(137, 'purchase', 'mythology', '2025-05-27 21:12:36', 70, 34);

-- user_email
INSERT INTO user_email (email_id, user_id, email, is_primary) 
VALUES
(1, 30, 'wcord0@huffingtonpost.com', false),
(2, 84, 'kchild1@amazon.co.uk', false),
(3, 59, 'varnason2@surveymonkey.com', true),
(4, 33, 'stellenbroker3@com.com', false),
(5, 24, 'rmoth4@cisco.com', true),
(6, 19, 'cmuxworthy5@slate.com', false),
(7, 34, 'fkinde6@constantcontact.com', false),
(8, 20, 'akopman7@shutterfly.com', true),
(9, 58, 'adaynter8@symantec.com', false),
(10, 42, 'edowley9@blogspot.com', false),
(11, 22, 'mcollecotta@nsw.gov.au', true),
(12, 58, 'ggomersallb@alibaba.com', false),
(13, 32, 'gmalyjc@umn.edu', true),
(14, 46, 'dparslowd@google.co.jp', true),
(15, 23, 'hpanthere@arizona.edu', false),
(16, 63, 'mseagoodf@stanford.edu', false),
(17, 60, 'ssingletong@nature.com', false),
(18, 19, 'zkiebesh@hao123.com', false),
(19, 10, 'tparishi@marriott.com', true),
(20, 54, 'fallredj@google.co.jp', true),
(21, 63, 'giscowitzk@rambler.ru', true),
(22, 83, 'enonil@irs.gov', true),
(23, 4, 'dcollingridgem@shutterfly.com', false),
(24, 60, 'bculleyn@businessinsider.com', true),
(25, 60, 'slabbeo@apple.com', false),
(26, 39, 'sthorndalep@macromedia.com', false),
(27, 46, 'ncogginq@lycos.com', true),
(28, 19, 'abrearleyr@umn.edu', true),
(29, 6, 'hlimbs@earthlink.net', false),
(30, 80, 'lyouellt@bigcartel.com', true),
(31, 73, 'aperesu@php.net', true),
(32, 44, 'ecleifev@digg.com', true),
(33, 60, 'icaulfieldw@arstechnica.com', true),
(34, 40, 'magerskowx@delicious.com', true),
(35, 37, 'wdicksony@drupal.org', false);

-- admin_email
INSERT INTO admin_email (email_id, admin_id, email, is_primary) 
Values 
(1, 30, 'pgreste0@fastcompany.com', false),
(2, 1, 'wgreenwell1@shop-pro.jp', true),
(3, 31, 'adoey2@ox.ac.uk', true),
(4, 26, 'gmclernon3@quantcast.com', false),
(5, 7, 'estorror4@auda.org.au', false),
(6, 12, 'pwhittier5@sourceforge.net', false),
(7, 17, 'kmapplethorpe6@wikia.com', false),
(8, 28, 'dpalfreeman7@hao123.com', true),
(9, 19, 'eridger8@ezinearticles.com', false),
(10, 4, 'tchalk9@google.com.hk', true),
(11, 10, 'bjelfa@aol.com', true),
(12, 21, 'araybouldb@comcast.net', false),
(13, 7, 'gstirmanc@ameblo.jp', false),
(14, 22, 'jblundelld@pinterest.com', false),
(15, 22, 'dcornforde@hp.com', false),
(16, 28, 'syellopf@123-reg.co.uk', false),
(17, 5, 'gbrittg@wikimedia.org', false),
(18, 11, 'ppieh@yahoo.com', false),
(19, 15, 'cburli@cdc.gov', true),
(20, 5, 'dalbistonj@shop-pro.jp', false),
(21, 19, 'iloneyk@xinhuanet.com', false),
(22, 2, 'jscholzl@state.gov', true),
(23, 31, 'ggarettm@netvibes.com', true),
(24, 26, 'clawlyn@seesaa.net', false),
(25, 26, 'cbaseggioo@hc360.com', true),
(26, 2, 'kbustp@gravatar.com', true),
(27, 22, 'dmannq@canalblog.com', false),
(28, 19, 'bcassimerr@mediafire.com', false),
(29, 2, 'cmacsporrans@illinois.edu', true),
(30, 20, 'pbrodestt@cargocollective.com', true),
(31, 13, 'ckaesu@amazon.co.uk', false),
(32, 21, 'cchengv@yolasite.com', true),
(33, 31, 'astariesw@typepad.com', true),
(34, 4, 'stregianx@free.fr', false),
(35, 6, 'jdudneyy@drupal.org', false);

-- artist_status
INSERT INTO artist_status (status_id, reviewer_id, artist_id, created_at, status) 
Values 
(1, 15, 60, '2026-04-14 17:45:41', 'under review'),
(2, 34, 26, '2026-04-14 17:45:41', 'under review'),
(3, 12, 58, '2026-04-14 17:45:41', 'banned'),
(4, 29, 37, '2026-04-14 17:45:41', 'banned'),
(5, 24, 50, '2026-04-14 17:45:41', 'verified'),
(6, 28, 12, '2026-04-14 17:45:41', 'banned'),
(7, 21, 52, '2026-04-14 17:45:41', 'verified'),
(8, 24, 53, '2026-04-14 17:45:41', 'verified'),
(9, 28, 25, '2026-04-14 17:45:41', 'resolved'),
(10, 22, 36, '2026-04-14 17:45:41', 'resolved'),
(11, 28, 31, '2026-04-14 17:45:41', 'verified'),
(12, 18, 32, '2026-04-14 17:45:41', 'banned'),
(13, 26, 46, '2026-04-14 17:45:41', 'under review'),
(14, 17, 33, '2026-04-14 17:45:41', 'banned'),
(15, 18, 27, '2026-04-14 17:45:41', 'verified'),
(16, 29, 14, '2026-04-14 17:45:41', 'banned'),
(17, 18, 51, '2026-04-14 17:45:41', 'under review'),
(18, 3, 59, '2026-04-14 17:45:41', 'verified'),
(19, 4, 22, '2026-04-14 17:45:41', 'verified'),
(20, 11, 57, '2026-04-14 17:45:41', 'resolved'),
(21, 34, 27, '2026-04-14 17:45:41', 'resolved'),
(22, 30, 21, '2026-04-14 17:45:41', 'verified'),
(23, 33, 2, '2026-04-14 17:45:41', 'verified'),
(24, 33, 32, '2026-04-14 17:45:41', 'verified'),
(25, 32, 32, '2026-04-14 17:45:41', 'resolved'),
(26, 6, 34, '2026-04-14 17:45:41', 'banned'),
(27, 31, 51, '2026-04-14 17:45:41', 'resolved'),
(28, 13, 52, '2026-04-14 17:45:41', 'resolved'),
(29, 16, 3, '2026-04-14 17:45:41', 'verified'),
(30, 24, 12, '2026-04-14 17:45:41', 'under review'),
(31, 16, 12, '2026-04-14 17:45:41', 'under review'),
(32, 21, 45, '2026-04-14 17:45:41', 'verified'),
(33, 13, 3, '2026-04-14 17:45:41', 'banned'),
(34, 35, 4, '2026-04-14 17:45:41', 'under review'),
(35, 27, 27, '2026-04-14 17:45:41', 'banned');

-- artist_application
INSERT INTO artist_application (application_id, status, portfolio_link, submitted_at, reviewed_at, artist_id, reviewer_id) 
VALUES
(1, 'pending', 'portfolio.com/01KP6KSYNVJ3Q4QDA1YGZGRENS', '2025-10-08 00:00:00', '2025-05-06 00:00:00', 1, 1),
(2, 'pending', 'portfolio.com/01KP6KSYNZRG05F7DEEJZD0WTH', '2025-08-20 00:00:00', '2025-06-19 00:00:00', 2, 2),
(3, 'rejected', 'portfolio.com/01KP6KSYNZTRP9J138X8HFG45F', '2025-04-27 00:00:00', '2025-04-18 00:00:00', 3, 3),
(4, 'rejected', 'portfolio.com/01KP6KSYP0FHVSVAK3B7WG3EN4', '2026-03-30 00:00:00', NULL, 4, 4),
(5, 'rejected', 'portfolio.com/01KP6KSYP02WQD1N08VP1B2EM9', '2025-07-30 00:00:00', '2025-07-26 00:00:00', 5, 5),
(6, 'approved', 'portfolio.com/01KP6KSYP1ZPVEK8K6EWRPH1J0', '2026-01-04 00:00:00', '2025-09-28 00:00:00', 6, 6),
(7, 'pending', 'portfolio.com/01KP6KSYP12DV2XXSXNVZK8YAS', '2025-11-24 00:00:00', '2025-05-15 00:00:00', 7, 7),
(8, 'rejected', 'portfolio.com/01KP6KSYP22NJ0BWJHJT7M03E6', '2025-05-26 00:00:00', '2025-09-08 00:00:00', 8, 8),
(9, 'rejected', 'portfolio.com/01KP6KSYP2W8R20BZJM76ABKER', '2025-09-30 00:00:00', '2025-09-04 00:00:00', 9, NULL),
(10, 'pending', 'portfolio.com/01KP6KSYP35DGCYGMTQ0BY3GXP', '2025-07-26 00:00:00', '2025-07-13 00:00:00', 10, 10),
(11, 'rejected', 'portfolio.com/01KP6KSYP3YK3VF0DCX7D22WAX', '2025-08-29 00:00:00', '2025-04-30 00:00:00', 11, 11),
(12, 'approved', 'portfolio.com/01KP6KSYP48FYBAJ63RZ2ZYB8Y', '2025-11-09 00:00:00', '2025-09-12 00:00:00', 12, 12),
(13, 'approved', 'portfolio.com/01KP6KSYP4QKSJ59Z55R6Y94MH', '2026-02-15 00:00:00', '2025-07-06 00:00:00', 13, 13),
(14, 'approved', 'portfolio.com/01KP6KSYP5JHBWSXTY7V74CD8R', '2025-08-05 00:00:00', '2025-06-10 00:00:00', 14, 14),
(15, 'rejected', 'portfolio.com/01KP6KSYP51BST43XYMCDHGW67', '2025-04-14 00:00:00', '2025-08-24 00:00:00', 15, NULL),
(16, 'rejected', 'portfolio.com/01KP6KSYP606AXQDXVFNQVV88B', '2025-04-16 00:00:00', '2026-02-05 00:00:00', 16, 16),
(17, 'rejected', 'portfolio.com/01KP6KSYP6YNACW0WPEZEVBFH7', '2025-10-24 00:00:00', '2025-12-15 00:00:00', 17, 17),
(18, 'rejected', 'portfolio.com/01KP6KSYP7P39ZCX7YT0VDXSSJ', '2026-03-13 00:00:00', '2025-07-24 00:00:00', 18, 18),
(19, 'pending', 'portfolio.com/01KP6KSYP74QMW55E5VVVPZJHE', '2025-06-30 00:00:00', '2025-07-10 00:00:00', 19, 19),
(20, 'rejected', 'portfolio.com/01KP6KSYP8F7S8CYBNY7EH8A46', '2025-07-03 00:00:00', '2026-03-01 00:00:00', 20, 20),
(21, 'rejected', 'portfolio.com/01KP6KSYP885S0MRNFEKKTZK2E', '2025-08-29 00:00:00', '2025-07-09 00:00:00', 21, 21),
(22, 'rejected', 'portfolio.com/01KP6KSYP9JE3NHY9PW27XTDBT', '2025-04-29 00:00:00', '2025-08-30 00:00:00', 22, 22),
(23, 'approved', 'portfolio.com/01KP6KSYP9Q8X0H46KQTHQYBTQ', '2025-10-06 00:00:00', NULL, 23, 23),
(24, 'pending', 'portfolio.com/01KP6KSYPA2KQ3KW6T738JPHVH', '2025-10-11 00:00:00', '2026-03-22 00:00:00', 24, 24),
(25, 'rejected', 'portfolio.com/01KP6KSYPA47VS99S17M1XBSHG', '2025-11-05 00:00:00', '2026-02-14 00:00:00', 25, 25),
(26, 'pending', 'portfolio.com/01KP6KSYPBMM9QD32T5Z25BGGX', '2025-11-01 00:00:00', '2025-11-12 00:00:00', 26, 26),
(27, 'pending', 'portfolio.com/01KP6KSYPBBEVMNZ32T5DNVKNM', '2026-03-11 00:00:00', '2025-05-31 00:00:00', 27, 27),
(28, 'rejected', 'portfolio.com/01KP6KSYPCBJX9HJF9VCBST0WC', '2025-04-22 00:00:00', '2025-09-19 00:00:00', 28, 28),
(29, 'approved', 'portfolio.com/01KP6KSYPCQ6K4N9J75NN3HP8W', '2025-08-11 00:00:00', '2025-10-21 00:00:00', 29, 29),
(30, 'pending', 'portfolio.com/01KP6KSYPDKBQY27BYDSVCEFEK', '2025-10-19 00:00:00', '2026-01-25 00:00:00', 30, 30),
(31, 'pending', 'portfolio.com/01KP6KSYPDJGS11B1YVJVCYCM0', '2025-10-10 00:00:00', '2026-02-04 00:00:00', 31, 31),
(32, 'approved', 'portfolio.com/01KP6KSYPEKPRG63QA6TTVK0KR', '2025-12-29 00:00:00', '2025-07-20 00:00:00', 32, 32),
(33, 'pending', 'portfolio.com/01KP6KSYPE7X8XM5QND5V3KEV2', '2026-01-26 00:00:00', '2025-05-19 00:00:00', 33, 33),
(34, 'approved', 'portfolio.com/01KP6KSYPFKWNVVRQQ3KRPGXBW', '2025-12-16 00:00:00', '2025-09-15 00:00:00', 34, 34),
(35, 'rejected', 'portfolio.com/01KP6KSYPFBDVMAR9G8HD86B3X', '2026-03-01 00:00:00', '2025-07-20 00:00:00', 35, 35);

-- listing_moderation
INSERT INTO listing_moderation (moderation_id, reason, action, reviewed_at, listing_id, reviewed_by) 
VALUES
(1, 'Approved upon submission', 'approved', '2025-04-19 02:01:09', 1, 1),
(2, 'Approved upon submission', 'approved', '2025-06-03 02:59:40', 2, 2),
(3, 'Flagged for external link in bio', 'flagged', '2026-04-13 09:38:00', 3, 3),
(4, 'Approved upon submission', 'approved', '2026-01-26 18:52:09', 4, 4),
(5, 'Rejected for inappropriate content', 'rejected', '2025-07-31 16:13:39', 5, 5),
(6, 'Approved upon submission', 'approved', '2026-02-09 06:35:41', 6, 6),
(7, 'Approved upon submission', 'approved', '2026-03-22 00:03:52', 7, 7),
(8, 'Flagged for suspected spam', 'flagged', '2025-12-24 06:21:08', 8, 8),
(9, 'Approved upon submission', 'approved', '2026-04-10 00:44:03', 9, 9),
(10, 'Approved upon submission', 'approved', '2025-07-31 03:59:38', 10, 10),
(11, 'Rejected for duplicate account', 'rejected', '2025-04-27 00:34:39', 11, 11),
(12, 'Approved upon submission', 'approved', '2025-07-06 14:11:03', 12, 12),
(13, 'Flagged for unverifiable location', 'flagged', '2026-03-08 10:37:20', 13, 13),
(14, 'Approved upon submission', 'approved', '2025-12-27 08:37:02', 14, 14),
(15, 'Approved upon submission', 'approved', '2026-03-23 12:24:55', 15, 15),
(16, 'Approved upon submission', 'approved', '2025-09-08 19:31:00', 16, 16),
(17, 'Rejected for misleading description', 'rejected', '2025-07-30 03:05:26', 17, 17),
(18, 'Flagged for unusual purchase pattern', 'flagged', '2026-02-14 01:47:19', 18, 18),
(19, 'Approved upon submission', 'approved', '2026-04-08 17:44:27', 19, 19),
(20, 'Approved upon submission', 'approved', '2026-03-04 06:09:15', 20, 20),
(21, NULL, 'approved', '2025-09-26 01:33:20', 21, 21),
(22, 'Flagged for multiple reports from sellers', 'flagged', '2026-01-04 05:30:07', 22, 22),
(23, NULL, 'rejected', '2025-12-10 07:52:59', 23, 23),
(24, 'Approved upon submission', 'approved', '2025-09-12 02:45:10', 24, 24),
(25, 'Approved upon submission', 'approved', '2025-07-07 17:10:48', 25, 25),
(26, 'Approved upon submission', 'approved', '2025-04-24 10:09:26', 26, 26),
(27, 'Flagged for suspicious payment method', 'flagged', '2025-11-12 15:26:15', 27, 27),
(28, 'Approved upon submission', 'approved', '2025-07-16 18:54:52', 28, 28),
(29, 'Rejected for counterfeit listing', 'rejected', '2025-07-12 07:18:16', 29, 29),
(30, 'Approved upon submission', 'approved', '2025-12-30 16:13:47', 30, 30),
(31, 'Approved upon submission', 'approved', '2025-04-18 23:07:31', 31, 31),
(32, 'Approved upon submission', 'approved', '2025-04-21 00:46:18', 32, 32),
(33, 'Flagged for incomplete profile', 'flagged', '2025-10-04 08:33:29', 33, 33),
(34, 'Approved upon submission', 'approved', '2025-05-07 15:08:15', 34, 34),
(35, 'Approved upon submission', 'approved', '2025-04-16 02:54:24', 35, 35);

-- fraud_report
INSERT INTO fraud_report (report_id, reason, status, created_at, resolved_at, order_id, reviewer_id) 
VALUES
(1, 'Suspicious purchase volume', 'open', '2025-05-22 18:16:11', NULL, 1, 1),
(2, 'Possible duplicate account', 'investigating', '2026-03-01 07:28:00', NULL, 2, 2),
(3, 'Unusual login location', 'resolved', '2025-04-28 20:03:47', '2025-05-03 11:22:09', 3, 3),
(4, 'Mismatched billing address', 'dismissed', '2025-08-01 22:33:04', NULL, 4, 4),
(5, 'Chargeback after delivery', 'open', '2025-12-11 06:39:46', NULL, 5, 5),
(6, 'Possible duplicate account', 'resolved', '2026-04-02 11:32:28', '2026-04-04 15:32:28', 6, 6),
(7, 'Suspicious purchase volume', 'investigating', '2025-04-25 17:44:06', NULL, 7, 7),
(8, 'Multiple failed payment attempts', 'open', '2025-09-09 21:34:31', NULL, 8, 8),
(9, 'Flagged shipping address', 'dismissed', '2025-04-28 11:01:39', NULL, 9, 9),
(10, 'Chargeback after delivery', 'resolved', '2026-02-03 08:56:08', '2026-02-05 09:56:08', 10, 10),
(11, 'Suspicious purchase volume', 'open', '2025-05-12 00:40:04', NULL, 11, 11),
(12, 'Possible duplicate account', 'investigating', '2025-07-04 12:56:23', NULL, 12, 12),
(13, 'Unusual login location', 'open', '2026-01-27 05:44:52', NULL, 13, 13),
(14, 'Mismatched billing address', 'resolved', '2025-12-15 09:43:13', '2025-12-16 11:43:13', 14, 14),
(15, 'Flagged shipping address', 'dismissed', '2026-03-05 02:11:58', NULL, 15, 15),
(16, 'Suspicious purchase volume', 'open', '2026-04-13 03:35:59', NULL, 16, 16),
(17, 'Multiple failed payment attempts', 'investigating', '2026-03-02 22:06:32', NULL, 17, 17),
(18, 'Chargeback after delivery', 'resolved', '2025-04-26 12:54:03', '2025-08-15 04:32:33', 18, 18),
(19, 'Possible duplicate account', 'open', '2025-10-01 03:27:29', NULL, 19, 19),
(20, 'Flagged shipping address', 'dismissed', '2026-03-02 15:02:12', NULL, 20, 20),
(21, 'Mismatched billing address', 'resolved', '2025-04-21 14:01:28', '2026-04-11 11:55:00', 21, 21),
(22, 'Suspicious purchase volume', 'open', '2026-03-04 13:17:57', NULL, 22, 22),
(23, 'Unusual login location', 'investigating', '2025-07-29 09:08:43', NULL, 23, 23),
(24, 'Multiple failed payment attempts', 'dismissed', '2025-12-02 22:45:32', NULL, 24, 24),
(25, 'Possible duplicate account', 'open', '2025-07-18 12:09:38', NULL, 25, 25),
(26, 'Chargeback after delivery', 'resolved', '2025-09-19 02:22:24', '2025-09-20 01:22:24', 26, 26),
(27, 'Suspicious purchase volume', 'open', '2025-11-22 21:45:05', NULL, 27, 27),
(28, 'Unusual login location', 'investigating', '2025-10-25 19:09:36', NULL, 28, 28),
(29, 'Mismatched billing address', 'resolved', '2026-04-06 21:02:00', '2026-04-08 03:02:00', 29, 29),
(30, 'Flagged shipping address', 'dismissed', '2025-11-07 06:51:45', NULL, 30, 30),
(31, 'Multiple failed payment attempts', 'open', '2025-09-26 08:42:58', NULL, 31, 31),
(32, 'Suspicious purchase volume', 'open', '2025-09-02 22:43:30', NULL, 32, 32),
(33, 'Possible duplicate account', 'investigating', '2025-09-12 00:07:26', NULL, 33, 33),
(34, 'Chargeback after delivery', 'resolved', '2025-11-09 09:17:52', '2026-02-14 18:55:25', 34, 34),
(35, 'Unusual login location', 'open', '2026-01-08 01:01:59', NULL, 35, 35);

-- system_metric
INSERT INTO system_metric (metric_id, metric_type, value, recorded_at) 
VALUES
(461, 'gc_pause_time', 6.02, '2026-02-23 12:07:17'),
(462, 'api_call_volume', 47.09, '2025-11-27 09:26:43'),
(463, 'network_latency', 35.02, '2025-10-04 18:43:40'),
(464, 'response_time', 32.56, '2025-04-18 11:13:00'),
(465, 'request_count', 73.68, '2025-11-13 10:53:05'),
(466, 'session_count', 86.42, '2025-11-22 17:44:21'),
(467, 'packet_loss', 17.24, '2025-11-03 12:55:11'),
(468, 'uptime', 15.15, '2025-04-21 04:37:12'),
(469, 'error_rate', 99.13, '2026-02-25 18:32:55'),
(470, 'load_average', 74.42, '2025-10-18 19:35:46'),
(471, 'swap_usage', 68.84, '2025-09-27 21:06:14'),
(472, 'disk_io', 29.21, '2025-05-01 12:53:50'),
(473, 'swap_usage', 1.1, '2025-08-16 21:52:44'),
(474, 'request_count', 19.54, '2025-06-10 22:44:50'),
(475, 'packet_loss', 93.54, '2025-10-22 16:12:56'),
(476, 'network_latency', 67.19, '2025-09-04 05:46:01'),
(477, 'load_average', 73.87, '2026-03-17 14:02:43'),
(478, 'queue_depth', 9.55, '2025-05-10 14:00:37'),
(479, 'memory_usage', 65.49, '2026-01-09 07:14:56'),
(480, 'cache_hit_rate', 33.29, '2025-09-07 10:21:13'),
(481, 'gc_pause_time', 60.87, '2025-12-29 06:12:32'),
(482, 'error_rate', 1.17, '2025-12-17 04:35:36'),
(483, 'network_latency', 94.31, '2025-10-10 08:57:34'),
(484, 'request_count', 61.06, '2026-01-02 00:56:08'),
(485, 'gc_pause_time', 58.81, '2025-09-21 10:51:54'),
(486, 'bandwidth_usage', 70.42, '2025-04-20 10:27:21'),
(487, 'gc_pause_time', 29.93, '2025-06-19 07:59:38'),
(488, 'cpu_usage', 80, '2025-11-03 13:42:29'),
(489, 'disk_io', 59.22, '2025-06-07 07:14:53'),
(490, 'heap_usage', 65.98, '2025-05-14 04:30:43'),
(491, 'db_query_time', 94.94, '2025-10-22 01:50:34'),
(492, 'response_time', 28.23, '2025-06-17 15:36:38'),
(493, 'packet_loss', 56.03, '2025-05-01 22:35:43'),
(494, 'swap_usage', 93.92, '2025-12-16 07:54:50'),
(495, 'session_count', 42.03, '2025-06-25 21:24:27');

-- system_alert
INSERT INTO system_alert (alert_id, alert_type, severity, status, message, created_at, resolved_at) 
VALUES
(496, 'High CPU Usage', 'low', 'open', 'CPU usage exceeded 90% threshold', '2025-05-25 06:48:43', NULL),
(497, 'API Timeout', 'low', 'investigating', 'API response time exceeded 5s', '2025-05-27 07:28:56', NULL),
(498, 'Memory Spike', 'low', 'resolved', 'Memory usage at 95%', '2025-11-22 08:32:01', '2025-11-22 23:32:01'),
(499, 'Disk I/O Overload', 'critical', 'open', 'Disk I/O wait time above 80ms', '2025-10-06 19:11:40', NULL),
(500, 'Packet Loss Detected', 'critical', 'resolved', 'Packet loss rate above 3%', '2025-06-12 19:46:47', '2025-06-12 23:46:47'),
(501, 'High Error Rate', 'low', 'investigating', 'Error rate exceeded 10% in last 5 minutes', '2026-01-25 22:24:41', NULL),
(502, 'Slow Database Query', 'medium', 'open', 'Database query response time above 2s', '2025-11-27 01:02:38', NULL),
(503, 'Cache Miss Surge', 'high', 'resolved', 'Cache miss rate exceeded 40%', '2025-10-15 16:43:44', '2025-10-17 04:43:44'),
(504, 'Network Latency Spike', 'low', 'open', 'Network latency above 300ms', '2025-10-06 09:50:49', NULL),
(505, 'Thread Pool Exhaustion', 'medium', 'investigating', 'Thread pool at 98% capacity', '2026-02-19 14:09:47', NULL),
(506, 'Heap Overflow Warning', 'medium', 'resolved', 'Heap usage at 92% of max allocation', '2026-01-20 15:27:05', '2026-01-21 23:27:05'),
(507, 'GC Pause Overrun', 'low', 'open', 'GC pause duration exceeded 500ms', '2026-04-06 14:05:31', NULL),
(508, 'Bandwidth Saturation', 'medium', 'investigating', 'Bandwidth utilization at 95%', '2025-12-31 22:46:10', NULL),
(509, 'Queue Depth Critical', 'medium', 'resolved', 'Queue depth exceeded 1000 messages', '2025-05-17 07:53:56', '2025-05-18 12:53:56'),
(510, 'Swap Usage High', 'high', 'open', 'Swap usage above 70%', '2025-11-22 12:18:40', NULL),
(511, 'Session Limit Approaching', 'low', 'resolved', 'Active sessions at 90% of limit', '2026-02-22 17:52:45', '2026-02-23 11:52:45'),
(512, 'Load Average Spike', 'high', 'open', 'Load average exceeded 4x CPU count', '2026-04-13 18:47:40', NULL),
(513, 'API Call Volume Surge', 'medium', 'investigating', 'API call volume up 300% from baseline', '2025-04-23 04:54:17', NULL),
(514, 'Uptime Anomaly', 'medium', 'open', 'Service uptime anomaly detected', '2025-09-05 23:51:13', NULL),
(515, 'Request Rate Spike', 'high', 'resolved', 'Incoming request rate spiked 250% above normal', '2025-04-14 10:08:16', '2025-04-15 00:08:16'),
(516, 'High CPU Usage', 'high', 'investigating', 'CPU usage exceeded 90% threshold', '2025-07-08 04:03:44', NULL),
(517, 'Disk I/O Overload', 'low', 'open', 'Disk I/O wait time above 80ms', '2026-03-10 18:25:25', NULL),
(518, 'Memory Spike', 'medium', 'resolved', 'Memory usage at 95%', '2025-07-07 08:04:13', '2025-07-10 06:04:13'),
(519, 'API Timeout', 'low', 'open', 'API response time exceeded 5s', '2025-08-05 13:16:28', NULL),
(520, 'Error Rate Critical', 'critical', 'investigating', 'Error rate exceeded 15% in last 5 minutes', '2025-08-07 16:03:22', NULL),
(521, 'Response Time Degraded', 'medium', 'resolved', NULL, '2026-03-15 06:56:30', '2026-03-15 18:56:30'),
(522, 'Packet Loss Detected', 'critical', 'open', 'Packet loss rate above 3%', '2026-03-20 11:12:26', NULL),
(523, 'Heap Overflow Warning', 'critical', 'investigating', 'Heap usage at 92% of max allocation', '2025-05-21 01:33:31', NULL),
(524, 'Cache Miss Surge', 'critical', 'open', 'Cache miss rate exceeded 40%', '2025-09-23 19:36:38', NULL),
(525, 'Network Latency Spike', 'low', 'resolved', 'Network latency above 300ms', '2025-07-14 09:04:27', '2025-07-16 16:04:27'),
(526, 'Thread Pool Exhaustion', 'low', 'open', 'Thread pool at 98% capacity', '2026-03-04 18:32:09', NULL),
(527, 'Slow Database Query', 'low', 'resolved', 'Database query response time above 2s', '2025-04-14 05:40:57', '2025-04-14 10:40:57'),
(528, 'Load Average Spike', 'high', 'investigating', 'Load average exceeded 4x CPU count', '2025-06-22 03:16:04', NULL),
(529, 'API Call Volume Surge', 'critical', 'open', 'API call volume up 300% from baseline', '2026-03-15 23:21:35', NULL),
(530, 'Swap Usage High', 'low', 'resolved', 'Swap usage above 70%', '2025-12-06 16:31:08', '2025-12-06 20:31:08');

-- platform_metrics
INSERT INTO platform_metrics (metric_id, active_users, churned_users, conversions, retained_users, user_rate, conversion_rate, retention_rate, turnover_rate, recorded_at) 
VALUES
    (531, 782, 4198, 5190, 4911, 0.1813, 0.3182, 0.7768, 0.3214, '2025-08-25 23:28:35'),
    (532, 483, 107, 5915, 1911, 0.6811, 0.4075, 0.3808, 0.7308, '2025-10-06 03:53:39'),
    (533, 4955, 8066, 6491, 9920, 0.4227, 0.285, 0.3279, 0.9821, '2025-06-02 07:31:28'),
    (534, 1927, 4283, 1179, 594, 0.0353, 0.6346, 0.1826, 0.9382, '2025-05-04 07:17:01'),
    (535, 4487, 9108, 5360, 7278, 0.5294, 0.6443, 0.4352, 0.341, '2026-02-07 10:58:44'),
    (536, 5988, 6319, 4758, 2826, 0.853, 0.6096, 0.691, 0.6517, '2025-06-25 13:31:18'),
    (537, 1387, 4104, 8394, 8220, 0.4597, 0.1775, 0.2303, 0.0286, '2026-03-01 08:46:53'),
    (538, 4464, 6143, 4561, 7055, 0.3461, 0.7766, 0.547, 0.1328, '2025-11-24 23:09:48'),
    (539, 5593, 8850, 2431, 5176, 0.1693, 0.2624, 0.225, 0.8218, '2026-01-04 16:48:16'),
    (540, 7220, 7913, 2535, 3201, 0.2985, 0.6311, 0.984, 0.757, '2025-07-09 04:57:42'),
    (541, 1239, 8791, 295, 6916, 0.8365, 0.4844, 0.976, 0.0112, '2025-06-10 23:38:00'),
    (542, 4316, 9818, 4093, 7208, 0.8217, 0.4428, 0.0355, 0.911, '2025-07-30 06:06:38'),
    (543, 5355, 5134, 1332, 6774, 0.6873, 0.545, 0.3314, 0.6163, '2025-06-05 17:46:02'),
    (544, 8504, 6237, 2532, 7687, 0.3454, 0.7807, 0.1071, 0.3413, '2025-10-13 07:02:00'),
    (545, 9397, 4968, 8787, 712, 0.6447, 0.8195, 0.947, 0.1403, '2025-11-30 11:37:17'),
    (546, 3248, 4408, 2162, 8590, 0.5393, 0.6921, 0.6923, 0.6599, '2026-03-04 15:29:55'),
    (547, 1103, 8215, 4685, 3092, 0.2536, 0.176, 0.7845, 0.1246, '2025-09-18 06:34:57'),
    (548, 5449, 4346, 4225, 8842, 0.383, 0.1018, 0.2827, 0.8089, '2026-03-13 21:15:54'),
    (549, 8093, 6497, 9603, 3399, 0.6136, 0.4775, 0.6911, 0.065, '2025-07-07 10:20:58'),
    (550, 8145, 179, 7189, 6868, 0.1394, 0.9604, 0.3009, 0.7093, '2025-05-04 11:01:06'),
    (551, 9659, 5266, 3051, 6449, 0.8291, 0.1583, 0.3501, 0.1319, '2025-10-24 02:47:01'),
    (552, 4524, 654, 9408, 8033, 0.8933, 0.1983, 0.7594, 0.6755, '2025-09-28 07:38:03'),
    (553, 625, 7545, 5933, 9086, 0.7136, 0.436, 0.3898, 0.177, '2025-04-18 13:27:29'),
    (554, 6703, 4576, 8343, 5846, 0.3815, 0.3436, 0.6942, 0.5674, '2026-03-23 08:52:49'),
    (555, 8603, 7872, 4476, 4804, 0.9761, 0.7191, 0.529, 0.8058, '2026-03-06 11:41:17'),
    (556, 346, 7428, 230, 3003, 0.4162, 0.3392, 0.5567, 0.3472, '2025-11-26 03:20:40'),
    (557, 845, 2442, 5364, 7686, 0.4772, 0.9363, 0.388, 0.3693, '2025-12-23 01:06:29'),
    (558, 6450, 7760, 8428, 9172, 0.3438, 0.6711, 0.6711, 0.9528, '2026-04-02 01:45:08'),
    (559, 4791, 6445, 7579, 8358, 0.8655, 0.4492, 0.8208, 0.5097, '2025-08-03 07:34:16'),
    (560, 2597, 2455, 6693, 8478, 0.1535, 0.5589, 0.7441, 0.2476, '2025-07-02 13:01:56'),
    (561, 7643, 6486, 1847, 9955, 0.3795, 0.0368, 0.6538, 0.243, '2025-08-10 16:13:04'),
    (562, 9762, 4918, 8672, 139, 0.2856, 0.037, 0.9519, 0.2527, '2025-08-29 03:34:59'),
    (563, 4142, 5170, 2066, 4685, 0.8128, 0.5068, 0.894, 0.375, '2025-09-21 23:59:09'),
    (564, 2584, 2116, 1038, 9647, 0.1103, 0.4556, 0.44, 0.0152, '2026-04-09 09:58:34'),
    (565, 8444, 7448, 9752, 9999, 0.7629, 0.7407, 0.7093, 0.7843, '2025-05-02 16:15:57'),
    (566, 4934, 7448, 2345, 4987, 0.3681, 0.8974, 0.4213, 0.5632, '2025-3-02 08:15:57');